gene_i	gene_j	ERP117672	GSE302495
CD3D	CD3E	0.8546218487394959	0.8914542072436809
CD3D	CD3G	0.8904761904761905	0.6888062151220047
CD3D	CD247	0.769747899159664	0.7461429040376409
CD3D	LCK	0.8563025210084034	0.7826895721632563
CD3D	FYN	0.7246498599439777	0.6437246963562753
CD3D	ZAP70	0.7240896358543418	0.834774045300361
CD3D	LAT	0.6274509803921569	0.39533674439661864
CD3D	LCP2	0.8512605042016808	0.7325746799431011
CD3D	TRAT1	0.7363260750601255	0.6135244556297188
CD3D	NFKB1	0.32885154061624655	0.4846263267315899
CD3D	REL	0.2747899159663866	0.5299266878214247
CD3D	RELA	0.1008403361344538	-0.26293905241273663
CD3D	NFKBIA	0.3509803921568628	0.20385162490425648
CD3D	TNFAIP3	0.5840336134453782	0.4572710362184046
CD3D	STAT1	0.8591036414565827	0.6548856548856549
CD3D	IRF1	0.7826330532212885	0.6798336798336799
CD3D	IFIT1	-0.031092436974789917	-0.053069263595579376
CD3D	IFIT2	0.15630252100840336	0.13382208119050223
CD3D	IFIT3	0.2803921568627451	0.2655651603020024
CD3D	ISG15	0.4215686274509804	0.1038406827880512
CD3D	MX1	0.257703081232493	0.33165554218185794
CD3D	OAS1	0.2661064425770308	0.5045409782251887
CD3D	CXCL9	0.8218487394957985	0.738483422693949
CD3D	CXCL10	0.7240896358543418	0.5577196629828208
CD3D	IFNG	0.7562342689674537	0.5519775466327272
CD3D	TNF	0.8392433735519842	0.6634205055257687
CD3D	CCL5	0.8865546218487397	0.7853156800525222
CD3D	NKG7	0.6666666666666667	0.6809278914542072
CD3D	PRF1	0.7481792717086836	0.7616807090491302
CD3D	GZMB	0.7022408963585435	0.8087318087318087
CD3D	PDCD1	0.6316526610644259	0.6603567129882919
CD3D	LAG3	0.47422969187675074	0.6093664514717145
CD3D	TIGIT	0.8910364145658265	0.6905569537148484
CD3D	TOX	0.7319327731092438	0.47587263376737055
CD3E	CD3G	0.8708683473389357	0.7638691322901849
CD3E	CD247	0.8173669467787116	0.7638691322901849
CD3E	LCK	0.8467787114845938	0.8126709705657075
CD3E	FYN	0.6521008403361345	0.5992997045628624
CD3E	ZAP70	0.6638655462184875	0.7673706094758725
CD3E	LAT	0.5977591036414567	0.2243502672082048
CD3E	LCP2	0.8347338935574229	0.6778640989167305
CD3E	TRAT1	0.862245257384465	0.7187876135244556
CD3E	NFKB1	0.40504201680672275	0.4633986212933581
CD3E	REL	0.34397759103641457	0.47652916073968704
CD3E	RELA	-0.04397759103641457	-0.3069263595579385
CD3E	NFKBIA	0.3733893557422969	0.3329685961264908
CD3E	TNFAIP3	0.6605042016806724	0.2909508698982383
CD3E	STAT1	0.8260504201680673	0.5111062479483532
CD3E	IRF1	0.8366946778711486	0.5183280446438341
CD3E	IFIT1	0.13613445378151262	0.08523908523908524
CD3E	IFIT2	0.3719887955182073	0.13447860816281867
CD3E	IFIT3	0.34621848739495803	0.3568224094539884
CD3E	ISG15	0.48375350140056034	0.15111062479483534
CD3E	MX1	0.32072829131652664	0.24061713535397744
CD3E	OAS1	0.3826330532212886	0.5684429368639895
CD3E	CXCL9	0.7932773109243698	0.622715833242149
CD3E	CXCL10	0.7033613445378152	0.4671189408031513
CD3E	IFNG	0.7878958000505668	0.5699422852014447
CD3E	TNF	0.8451298501199841	0.5607834555202976
CD3E	CCL5	0.8907563025210085	0.828427617901302
CD3E	NKG7	0.6448179271708684	0.7128788707736077
CD3E	PRF1	0.7574229691876752	0.7636502899660794
CD3E	GZMB	0.6476190476190476	0.6861801072327387
CD3E	PDCD1	0.5946778711484594	0.4855016960280118
CD3E	LAG3	0.5296918767507003	0.6229346755662545
CD3E	TIGIT	0.8347338935574229	0.6371594266331109
CD3E	TOX	0.8204481792717087	0.39424444687602583
CD3G	CD247	0.6815126050420169	0.5892329576540103
CD3G	LCK	0.8260504201680673	0.5726009410219937
CD3G	FYN	0.7047619047619048	0.3830834883466462
CD3G	ZAP70	0.7137254901960784	0.5610022978444031
CD3G	LAT	0.6207282913165266	0.16398247974831623
CD3G	LCP2	0.8341736694677871	0.5329904803589013
CD3G	TRAT1	0.80327754241389	0.5612211401685085
CD3G	NFKB1	0.4159663865546219	0.34631797789692526
CD3G	REL	0.28207282913165266	0.4695262063683116
CD3G	RELA	-0.05434173669467787	-0.13272786956997482
CD3G	NFKBIA	0.33109243697478996	0.3104278367436262
CD3G	TNFAIP3	0.62296918767507	0.24433745486377065
CD3G	STAT1	0.8243697478991598	0.5364919575445891
CD3G	IRF1	0.7627450980392159	0.41569099463836306
CD3G	IFIT1	0.05602240896358543	0.22135901083269502
CD3G	IFIT2	0.2957983193277311	0.2193894299157457
CD3G	IFIT3	0.33613445378151263	0.46755662545136234
CD3G	ISG15	0.4535014005602241	0.30495677864098913
CD3G	MX1	0.20840336134453782	0.2955465587044534
CD3G	OAS1	0.32184873949579834	0.5122004595688806
CD3G	CXCL9	0.7859943977591036	0.519203413940256
CD3G	CXCL10	0.7467787114845938	0.495568442936864
CD3G	IFNG	0.7427851230206447	0.5844017089274856
CD3G	TNF	0.8665734433319837	0.5362731152204837
CD3G	CCL5	0.9002801120448181	0.5789473684210525
CD3G	NKG7	0.7535014005602241	0.5767589451799979
CD3G	PRF1	0.7515406162464986	0.6632016632016632
CD3G	GZMB	0.6837535014005603	0.6365028996607944
CD3G	PDCD1	0.588515406162465	0.42094321041689464
CD3G	LAG3	0.4098039215686275	0.555531239741766
CD3G	TIGIT	0.8686274509803922	0.6235912025385709
CD3G	TOX	0.7025210084033614	0.270379691432323
CD247	LCK	0.7563025210084033	0.8450596345333188
CD247	FYN	0.480952380952381	0.6041142356931831
CD247	ZAP70	0.7661064425770309	0.6890250574461101
CD247	LAT	0.6131652661064425	0.4273550184084933
CD247	LCP2	0.6210084033613446	0.6610132399606083
CD247	TRAT1	0.6349184132104905	0.6122114016850859
CD247	NFKB1	0.2994397759103642	0.3854907539118066
CD247	REL	0.2859943977591036	0.5566254513622934
CD247	RELA	0.11344537815126052	-0.3445672393040814
CD247	NFKBIA	0.4932773109243698	0.3949009738483423
CD247	TNFAIP3	0.44817927170868344	0.4244446876025823
CD247	STAT1	0.6997198879551821	0.34850640113798004
CD247	IRF1	0.7792717086834735	0.6001750738592844
CD247	IFIT1	0.126890756302521	-0.0370937739358792
CD247	IFIT2	0.23977591036414567	0.1535178903599956
CD247	IFIT3	0.34369747899159664	0.24871430134588027
CD247	ISG15	0.35406162464986	-0.09289856658277709
CD247	MX1	0.30336134453781516	0.2743188532662217
CD247	OAS1	0.42044817927170874	0.5279571069044754
CD247	CXCL9	0.5991596638655462	0.4294780610570084
CD247	CXCL10	0.49887955182072835	0.2318634423897582
CD247	IFNG	0.6290277635538842	0.424690801408034
CD247	TNF	0.6570429083519876	0.4662435715067294
CD247	CCL5	0.7498599439775911	0.6516030200240727
CD247	NKG7	0.5305322128851541	0.4596783017835649
CD247	PRF1	0.7509803921568629	0.720319509793194
CD247	GZMB	0.6725490196078432	0.7570850202429149
CD247	PDCD1	0.5196078431372549	0.46055367107998685
CD247	LAG3	0.5823529411764706	0.5575008206587154
CD247	TIGIT	0.6470588235294118	0.5130758288653026
CD247	TOX	0.7061624649859944	0.43451143451143454
LCK	FYN	0.5991596638655462	0.6688915636284057
LCK	ZAP70	0.7596638655462186	0.7855345223766276
LCK	LAT	0.7568627450980393	0.2210150303319679
LCK	LCP2	0.8022408963585435	0.7704344020133495
LCK	TRAT1	0.7067721846591959	0.5852937958201115
LCK	NFKB1	0.43641456582633054	0.43976365028996606
LCK	REL	0.22072829131652663	0.48572053835211726
LCK	RELA	0.050700280112044825	-0.34675566254513623
LCK	NFKBIA	0.42044817927170874	0.2776014881278039
LCK	TNFAIP3	0.6408963585434174	0.397089397089397
LCK	STAT1	0.7232492997198879	0.5054163475216107
LCK	IRF1	0.757983193277311	0.5305832147937412
LCK	IFIT1	0.005882352941176471	-0.007987744829850093
LCK	IFIT2	0.20840336134453782	0.2997045628624576
LCK	IFIT3	0.3058823529411765	0.3338439654229128
LCK	ISG15	0.3700280112044818	0.028777765619870888
LCK	MX1	0.23753501400560226	0.3091147827989933
LCK	OAS1	0.3394957983193278	0.513732355837619
LCK	CXCL9	0.6397759103641457	0.5962359120253857
LCK	CXCL10	0.6252100840336134	0.48856548856548854
LCK	IFNG	0.6674138676104019	0.5425570129930338
LCK	TNF	0.7192713749279865	0.62315351789036
LCK	CCL5	0.7775910364145658	0.786628733997155
LCK	NKG7	0.6829131652661065	0.5739139949666265
LCK	PRF1	0.6955182072829132	0.7864098916730496
LCK	GZMB	0.577310924369748	0.7292920450815188
LCK	PDCD1	0.7512605042016807	0.563190721085458
LCK	LAG3	0.5918767507002801	0.653572600941022
LCK	TIGIT	0.823249299719888	0.5041032935769778
LCK	TOX	0.711484593837535	0.518765729292045
FYN	ZAP70	0.6330532212885155	0.6616697669329249
FYN	LAT	0.5296918767507003	0.34942165006709014
FYN	LCP2	0.8033613445378153	0.6533537586169165
FYN	TRAT1	0.45913579494903767	0.325309114782799
FYN	NFKB1	0.3943977591036415	0.27059853375642845
FYN	REL	0.2235294117647059	0.45333187438450595
FYN	RELA	0.16806722689075632	-0.276726118831382
FYN	NFKBIA	0.4277310924369748	0.36579494474231317
FYN	TNFAIP3	0.5425770308123249	0.46230440967283076
FYN	STAT1	0.5840336134453782	0.24783893204945834
FYN	IRF1	0.5028011204481793	0.5113250902724588
FYN	IFIT1	0.06918767507002802	-0.06598096071780282
FYN	IFIT2	0.20420168067226896	0.18349928876244667
FYN	IFIT3	0.0565826330532213	0.0771419192471824
FYN	ISG15	0.2582633053221289	-0.12856986541197066
FYN	MX1	0.06274509803921569	0.15067294014662436
FYN	OAS1	-0.07899159663865547	0.2754130648867491
FYN	CXCL9	0.6837535014005603	0.4290403764087975
FYN	CXCL10	0.5467787114845939	0.23098807309333624
FYN	IFNG	0.546931935170237	0.2584074285585639
FYN	TNF	0.7311844822679863	0.5531239741766059
FYN	CCL5	0.765546218487395	0.6804902068059963
FYN	NKG7	0.6364145658263306	0.5218295218295218
FYN	PRF1	0.6456582633053223	0.58682569208885
FYN	GZMB	0.5739495798319328	0.5480906007221797
FYN	PDCD1	0.39187675070028016	0.48572053835211726
FYN	LAG3	0.31064425770308124	0.5579385053069263
FYN	TIGIT	0.6848739495798319	0.3272786956997483
FYN	TOX	0.4652661064425771	0.44501586606849763
ZAP70	LAT	0.8070028011204482	0.2041164968257007
ZAP70	LCP2	0.6857142857142857	0.5719444140496772
ZAP70	TRAT1	0.46109671658701407	0.46449283291388554
ZAP70	NFKB1	0.3072829131652662	0.22704891125943757
ZAP70	REL	0.22128851540616248	0.36754568333515697
ZAP70	RELA	0.18795518207282913	-0.45486377065324435
ZAP70	NFKBIA	0.48655462184873954	0.2668782142466353
ZAP70	TNFAIP3	0.46834733893557423	0.3500382974067185
ZAP70	STAT1	0.5599439775910364	0.49906992012255164
ZAP70	IRF1	0.5887955182072829	0.41240835977678086
ZAP70	IFIT1	0.06274509803921569	0.17299485720538352
ZAP70	IFIT2	0.2873949579831933	0.2642521063573695
ZAP70	IFIT3	0.27759103641456584	0.27388116861801065
ZAP70	ISG15	0.19019607843137257	0.02199365357260094
ZAP70	MX1	0.16722689075630254	0.2773826458036984
ZAP70	OAS1	0.2666666666666667	0.48769011926906664
ZAP70	CXCL9	0.6173669467787115	0.5610022978444031
ZAP70	CXCL10	0.5148459383753502	0.41109530583214793
ZAP70	IFNG	0.45250772300201475	0.5044367140789261
ZAP70	TNF	0.6654521605919875	0.5117627749206697
ZAP70	CCL5	0.7078431372549021	0.7964766385819017
ZAP70	NKG7	0.5812324929971989	0.6496334391071233
ZAP70	PRF1	0.6417366946778711	0.8702265018054491
ZAP70	GZMB	0.588515406162465	0.7682459787722946
ZAP70	PDCD1	0.5789915966386555	0.5154830944304628
ZAP70	LAG3	0.5487394957983194	0.7737170368749317
ZAP70	TIGIT	0.6182072829131653	0.5312397417660576
ZAP70	TOX	0.49159663865546227	0.3277163803479593
LAT	LCP2	0.6327731092436976	0.34264000175207504
LAT	TRAT1	0.4141746631068653	0.062035405898007094
LAT	NFKB1	0.36078431372549025	0.3132899172411899
LAT	REL	0.3072829131652662	0.4270214947208696
LAT	RELA	0.22016806722689075	-0.036798780201147574
LAT	NFKBIA	0.4484593837535014	0.0649259445240791
LAT	TNFAIP3	0.48627450980392156	0.36887719851180556
LAT	STAT1	0.5008403361344538	0.14964096118049738
LAT	IRF1	0.5198879551820729	0.4513687239173993
LAT	IFIT1	0.048179271708683476	-0.1110633879786901
LAT	IFIT2	0.17871148459383757	0.08571558771928937
LAT	IFIT3	0.22829131652661064	0.09160783953397461
LAT	ISG15	0.1285714285714286	0.0688170542130222
LAT	MX1	0.27254901960784317	0.36454139057269763
LAT	OAS1	0.20952380952380953	0.22724080583427686
LAT	CXCL9	0.46974789915966386	0.14230344005277612
LAT	CXCL10	0.4383753501400561	-0.012118027316994216
LAT	IFNG	0.47968620543619145	-0.02136891092507411
LAT	TNF	0.5941136707559889	0.2781587554781608
LAT	CCL5	0.5708683473389355	0.1018358992877679
LAT	NKG7	0.4879551820728292	0.010116885191252051
LAT	PRF1	0.5596638655462186	0.10205824841285037
LAT	GZMB	0.4753501400560225	0.32318445330735945
LAT	PDCD1	0.6907563025210084	0.16754006574963565
LAT	LAG3	0.5857142857142857	0.08882847547044385
LAT	TIGIT	0.6498599439775911	0.1230702407331431
LAT	TOX	0.5187675070028012	0.13218655486152409
LCP2	TRAT1	0.6577491437097868	0.43166648429806326
LCP2	NFKB1	0.37310924369747905	0.5599080862238756
LCP2	REL	0.31288515406162465	0.683991683991684
LCP2	RELA	-0.012605042016806725	-0.06554327606959186
LCP2	NFKBIA	0.4288515406162466	0.2500273552905132
LCP2	TNFAIP3	0.6658263305322129	0.3835211729948572
LCP2	STAT1	0.7663865546218488	0.5421818579713317
LCP2	IRF1	0.700560224089636	0.6743626217310428
LCP2	IFIT1	0.13025210084033612	-0.15483094430462851
LCP2	IFIT2	0.31484593837535013	0.24455629718787614
LCP2	IFIT3	0.22324929971988797	0.3152423678739468
LCP2	ISG15	0.4722689075630252	0.1644600065652697
LCP2	MX1	0.29299719887955183	0.4686508370718897
LCP2	OAS1	0.17563025210084035	0.40628077470182733
LCP2	CXCL9	0.7795518207282914	0.5973301236459131
LCP2	CXCL10	0.6941176470588235	0.49141043877885987
LCP2	IFNG	0.7282152149116013	0.35655624415350806
LCP2	TNF	0.8497549388519839	0.7995404311193784
LCP2	CCL5	0.8764705882352942	0.665390086442718
LCP2	NKG7	0.7767507002801121	0.5730386256702046
LCP2	PRF1	0.7554621848739497	0.5671298829193566
LCP2	GZMB	0.6711484593837536	0.6758945179997812
LCP2	PDCD1	0.6176470588235295	0.47434073749863226
LCP2	LAG3	0.523249299719888	0.4662435715067294
LCP2	TIGIT	0.8635854341736695	0.5163584637268848
LCP2	TOX	0.7033613445378152	0.42575774154721524
TRAT1	NFKB1	0.18516702895748255	0.319400372031951
TRAT1	REL	0.1987534145920331	0.26118831381989277
TRAT1	RELA	-0.27999159673676827	-0.15789473684210525
TRAT1	NFKBIA	0.07815673385648658	0.3868038078564394
TRAT1	TNFAIP3	0.44695006762732736	0.13601050443155704
TRAT1	STAT1	0.72848238850822	0.22617354196301565
TRAT1	IRF1	0.6986483664447225	0.33165554218185794
TRAT1	IFIT1	0.04720218514271681	0.05875916402232192
TRAT1	IFIT2	0.3099656846315499	-0.05569537148484517
TRAT1	IFIT3	0.2909167315769223	0.26841011051537367
TRAT1	ISG15	0.4651586256942508	0.1622715833242149
TRAT1	MX1	0.2609426436821407	0.11587701061385274
TRAT1	OAS1	0.40002801414717865	0.5478717583980741
TRAT1	CXCL9	0.6777785575834024	0.3765182186234818
TRAT1	CXCL10	0.5816933973225605	0.27388116861801065
TRAT1	IFNG	0.7249036937664486	0.44769443006309906
TRAT1	TNF	0.7191815853436317	0.1985994091257249
TRAT1	CCL5	0.7464108149125752	0.5251121566911041
TRAT1	NKG7	0.5875761622364897	0.3520078783236678
TRAT1	PRF1	0.5758106324086315	0.5227048911259438
TRAT1	GZMB	0.4948525819264643	0.3811139074296969
TRAT1	PDCD1	0.45171230589098427	0.3601050443155706
TRAT1	LAG3	0.40465018657955154	0.40321698216435053
TRAT1	TIGIT	0.7747041128319486	0.5434949119159646
TRAT1	TOX	0.7291827176646402	0.16424116424116425
NFKB1	REL	0.4126050420168067	0.4695262063683116
NFKB1	RELA	0.415686274509804	-0.029653134916292807
NFKB1	NFKBIA	0.5549019607843138	0.17868475763212605
NFKB1	TNFAIP3	0.6092436974789917	0.33843965422912786
NFKB1	STAT1	0.18207282913165268	0.43473027683554
NFKB1	IRF1	0.4011204481792717	0.4968814968814969
NFKB1	IFIT1	0.21568627450980396	-0.3043002516686727
NFKB1	IFIT2	0.05602240896358543	-0.03818798555640661
NFKB1	IFIT3	0.17983193277310924	0.11084363715942663
NFKB1	ISG15	0.2081232492997199	0.04540978225188752
NFKB1	MX1	0.3159663865546219	0.24586935113250902
NFKB1	OAS1	0.2568627450980392	0.4005908742750848
NFKB1	CXCL9	0.29075630252100837	0.4625232519969362
NFKB1	CXCL10	0.411484593837535	0.34916292811029653
NFKB1	IFNG	0.2513309148809952	0.19005378912637064
NFKB1	TNF	0.3906097665479927	0.4653682022103075
NFKB1	CCL5	0.4120448179271709	0.35704125177809387
NFKB1	NKG7	0.31848739495798317	0.20691541744173325
NFKB1	PRF1	0.37647058823529417	0.19050224313382208
NFKB1	GZMB	0.4246498599439776	0.35747893642630485
NFKB1	PDCD1	0.37142857142857144	0.23711565816828972
NFKB1	LAG3	0.17955182072829132	0.2147937411095306
NFKB1	TIGIT	0.30952380952380953	0.26381442170915853
NFKB1	TOX	0.37310924369747905	0.3787066418645366
REL	RELA	0.29971988795518206	-0.0322792428055586
REL	NFKBIA	0.21904761904761905	0.2999234051865631
REL	TNFAIP3	0.3733893557422969	0.4780610570084254
REL	STAT1	0.29691876750700286	0.33318743845059634
REL	IRF1	0.16022408963585436	0.4246635299266878
REL	IFIT1	-0.005602240896358544	-0.07385928438560017
REL	IFIT2	0.014005602240896357	0.2474012474012474
REL	IFIT3	-0.10588235294117648	0.19247182405077143
REL	ISG15	-0.061064425770308135	-0.10646679067731699
REL	MX1	0.2627450980392157	0.38833570412517776
REL	OAS1	0.14817927170868347	0.2697231644600066
REL	CXCL9	0.2420168067226891	0.29051318525002734
REL	CXCL10	0.1568627450980392	0.21041689462742094
REL	IFNG	0.3188568351555992	0.13090160115620342
REL	TNF	0.3847232899799928	0.525987525987526
REL	CCL5	0.23949579831932774	0.3896487580698107
REL	NKG7	0.14537815126050418	0.33362512309880726
REL	PRF1	0.31064425770308124	0.33406280774701824
REL	GZMB	0.40952380952380957	0.6198708830287778
REL	PDCD1	0.37142857142857144	0.33187438450596346
REL	LAG3	0.37927170868347343	0.23339533865849657
REL	TIGIT	0.2092436974789916	0.2898566582777109
REL	TOX	0.2949579831932773	0.30714520188204397
RELA	NFKBIA	0.39159663865546224	-0.2863551810920232
RELA	TNFAIP3	0.3204481792717087	-0.05372579056789582
RELA	STAT1	-0.12633053221288518	0.060291060291060294
RELA	IRF1	0.09523809523809525	0.03621840463945727
RELA	IFIT1	0.028011204481792715	-0.08392603129445234
RELA	IFIT2	-0.02997198879551821	-0.046066309224203954
RELA	IFIT3	0.07226890756302522	-0.024182076813655765
RELA	ISG15	-0.1512605042016807	0.25374767480030636
RELA	MX1	0.055462184873949584	0.06685633001422475
RELA	OAS1	-0.11568627450980393	-0.2325199693620746
RELA	CXCL9	0.025770308123249302	-0.13338439654229128
RELA	CXCL10	0.12829131652661066	0.009081956450377503
RELA	IFNG	-0.05407677432779495	-0.21042843164942823
RELA	TNF	0.07161879824399865	-0.006893533209322683
RELA	CCL5	0.06442577030812326	-0.294890031732137
RELA	NKG7	-0.17955182072829132	-0.054163475216106795
RELA	PRF1	0.030532212885154068	-0.28963781595360544
RELA	GZMB	0.03613445378151261	-0.2618448407922092
RELA	PDCD1	0.23249299719887956	-0.09421162052740999
RELA	LAG3	0.0392156862745098	-0.349381770434402
RELA	TIGIT	-0.08347338935574229	-0.11937848779954041
RELA	TOX	-0.2081232492997199	-0.21041689462742094
NFKBIA	TNFAIP3	0.5350140056022409	0.25571725571725573
NFKBIA	STAT1	0.1753501400560224	-0.3320932268300689
NFKBIA	IRF1	0.5084033613445378	0.1596454754349491
NFKBIA	IFIT1	0.234733893557423	0.07626654995076047
NFKBIA	IFIT2	0.2285714285714286	-0.007550060181639129
NFKBIA	IFIT3	0.2669467787114846	-0.06970128022759602
NFKBIA	ISG15	0.07394957983193277	-0.21172994857205382
NFKBIA	MX1	0.0473389355742297	-0.09355509355509356
NFKBIA	OAS1	0.2016806722689076	0.14979757085020243
NFKBIA	CXCL9	0.2649859943977591	-0.12660028449502134
NFKBIA	CXCL10	0.41036414565826335	-0.18568771200350145
NFKBIA	IFNG	0.24600729461038326	0.09760111015077592
NFKBIA	TNF	0.482550924371991	0.012364591311959734
NFKBIA	CCL5	0.4092436974789916	0.33165554218185794
NFKBIA	NKG7	0.36050420168067226	0.26293905241273663
NFKBIA	PRF1	0.42072829131652667	0.3102089944195207
NFKBIA	GZMB	0.2736694677871148	0.21545026808184703
NFKBIA	PDCD1	0.4170868347338936	0.04869241711346974
NFKBIA	LAG3	0.4728291316526611	0.3141481562534194
NFKBIA	TIGIT	0.2803921568627451	0.08261297734981946
NFKBIA	TOX	0.25350140056022413	0.08677098150782363
TNFAIP3	STAT1	0.4504201680672269	0.24193018929861035
TNFAIP3	IRF1	0.6703081232492997	0.6557610241820767
TNFAIP3	IFIT1	0.2246498599439776	-0.3082394135025714
TNFAIP3	IFIT2	0.34201680672268914	0.11653353758616918
TNFAIP3	IFIT3	0.3226890756302521	-0.14454535507167085
TNFAIP3	ISG15	0.3478991596638656	-0.3789254841886421
TNFAIP3	MX1	0.31652661064425774	0.1465149359886202
TNFAIP3	OAS1	0.2518207282913165	0.040376408797461426
TNFAIP3	CXCL9	0.5736694677871148	0.3108655213918372
TNFAIP3	CXCL10	0.7549019607843138	0.19684867053288105
TNFAIP3	IFNG	0.547492316251354	0.10921246556714209
TNFAIP3	TNF	0.7136652067679865	0.35047598205492947
TNFAIP3	CCL5	0.6011204481792718	0.1975051975051975
TNFAIP3	NKG7	0.465546218487395	0.12878870773607617
TNFAIP3	PRF1	0.484873949579832	0.2981726665937192
TNFAIP3	GZMB	0.31624649859943976	0.4907539118065434
TNFAIP3	PDCD1	0.5806722689075631	0.5189845716161505
TNFAIP3	LAG3	0.3778711484593838	0.2745376955903272
TNFAIP3	TIGIT	0.5714285714285715	0.100120363278258
TNFAIP3	TOX	0.5005602240896359	0.35178903599956235
STAT1	IRF1	0.7033613445378152	0.5603457708720867
STAT1	IFIT1	0.11036414565826332	-0.13863661232082283
STAT1	IFIT2	0.25602240896358547	0.14498303971988183
STAT1	IFIT3	0.357703081232493	0.4196301564722617
STAT1	ISG15	0.43501400560224085	0.35879199037093773
STAT1	MX1	0.34425770308123255	0.549622496990918
STAT1	OAS1	0.27450980392156865	0.45179997811576755
STAT1	CXCL9	0.7820728291316525	0.8457161615056351
STAT1	CXCL10	0.6481792717086836	0.7592734434839697
STAT1	IFNG	0.7878958000505668	0.4433127865097533
STAT1	TNF	0.742256664383986	0.6235912025385709
STAT1	CCL5	0.8330532212885153	0.4432651274756538
STAT1	NKG7	0.6341736694677872	0.446110077689025
STAT1	PRF1	0.7204481792717087	0.47105810263705
STAT1	GZMB	0.7296918767507002	0.5610022978444031
STAT1	PDCD1	0.5030812324929972	0.5669110405952511
STAT1	LAG3	0.36246498599439775	0.4051865630812999
STAT1	TIGIT	0.8221288515406163	0.5922967501914871
STAT1	TOX	0.7092436974789916	0.4515811357916621
IRF1	IFIT1	0.06526610644257703	-0.41437794069373013
IRF1	IFIT2	0.2235294117647059	-0.04365904365904366
IRF1	IFIT3	0.44145658263305326	0.0504431557063136
IRF1	ISG15	0.3843137254901961	0.07342159973738921
IRF1	MX1	0.2868347338935574	0.4264142685195317
IRF1	OAS1	0.4277310924369748	0.3305613305613306
IRF1	CXCL9	0.6876750700280113	0.5778531568005252
IRF1	CXCL10	0.7728291316526611	0.39927782033045195
IRF1	IFNG	0.7394228365339423	0.24920597709653788
IRF1	TNF	0.7501052998079859	0.6259984681037313
IRF1	CCL5	0.8280112044817927	0.35879199037093773
IRF1	NKG7	0.6341736694677872	0.3053944632892001
IRF1	PRF1	0.788795518207283	0.40343582448845605
IRF1	GZMB	0.5543417366946779	0.5813546339862129
IRF1	PDCD1	0.6669467787114847	0.5793850530692637
IRF1	LAG3	0.561624649859944	0.3762993762993763
IRF1	TIGIT	0.7498599439775911	0.4780610570084254
IRF1	TOX	0.7526610644257704	0.4918481234270708
IFIT1	IFIT2	0.7803921568627451	0.6516030200240727
IFIT1	IFIT3	0.6977591036414567	0.5086989823831929
IFIT1	ISG15	0.4935574229691877	0.28963781595360544
IFIT1	MX1	0.6319327731092438	0.2327388116861801
IFIT1	OAS1	0.42689075630252105	0.4078126709705657
IFIT1	CXCL9	0.03781512605042017	-0.045628624575992996
IFIT1	CXCL10	0.11764705882352944	0.08173760805339753
IFIT1	IFNG	0.028859625677527874	0.020484183611891246
IFIT1	TNF	0.07806589162799854	-0.1480468322573586
IFIT1	CCL5	0.1700280112044818	0.18371813108655213
IFIT1	NKG7	0.10980392156862746	0.2500273552905132
IFIT1	PRF1	0.11036414565826332	0.2474012474012474
IFIT1	GZMB	0.18711484593837538	0.014553014553014552
IFIT1	PDCD1	-0.16834733893557424	-0.16402232191705876
IFIT1	LAG3	-0.07647058823529412	0.2292373345004924
IFIT1	TIGIT	0.008123249299719889	-0.057008425429478066
IFIT1	TOX	0.10812324929971989	-0.3749863223547434
IFIT2	IFIT3	0.7554621848739497	0.617682459787723
IFIT2	ISG15	0.5523809523809524	0.24193018929861035
IFIT2	MX1	0.43221288515406164	0.35835430572272675
IFIT2	OAS1	0.4714285714285714	0.3239960608381661
IFIT2	CXCL9	0.23389355742296922	0.276288434183171
IFIT2	CXCL10	0.2882352941176471	0.39424444687602583
IFIT2	IFNG	0.13140936352194732	0.048088537997969284
IFIT2	TNF	0.33342685131599376	0.2519969362074625
IFIT2	CCL5	0.3403361344537815	0.26447094868147497
IFIT2	NKG7	0.2705882352941177	0.32049458365247835
IFIT2	PRF1	0.21344537815126052	0.33865849655323343
IFIT2	GZMB	0.1403361344537815	0.2927016084910822
IFIT2	PDCD1	0.038375350140056025	0.020242914979757082
IFIT2	LAG3	0.10728291316526611	0.24258671627092676
IFIT2	TIGIT	0.2123249299719888	-0.01214574898785425
IFIT2	TOX	0.1829131652661065	-0.029434292592187328
IFIT3	ISG15	0.5750700280112045	0.6594813436918701
IFIT3	MX1	0.6028011204481794	0.5612211401685085
IFIT3	OAS1	0.7179271708683473	0.6279680490206806
IFIT3	CXCL9	0.2285714285714286	0.4360433307801728
IFIT3	CXCL10	0.38963585434173675	0.5728197833460991
IFIT3	IFNG	0.1994956648776684	0.35765165504184443
IFIT3	TNF	0.2859145761599946	0.4244446876025823
IFIT3	CCL5	0.3633053221288516	0.3454426086005033
IFIT3	NKG7	0.23109243697478996	0.3513513513513513
IFIT3	PRF1	0.27563025210084036	0.3854907539118066
IFIT3	GZMB	0.2204481792717087	0.34434839697997593
IFIT3	PDCD1	0.21120448179271709	-0.021337126600284494
IFIT3	LAG3	0.08739495798319327	0.26731589889484625
IFIT3	TIGIT	0.29887955182072834	0.27234927234927236
IFIT3	TOX	0.3336134453781513	-0.12375533428165006
ISG15	MX1	0.5392156862745098	0.5218295218295218
ISG15	OAS1	0.5042016806722689	0.35419630156472265
ISG15	CXCL9	0.4056022408963586	0.26053178684757633
ISG15	CXCL10	0.3820728291316527	0.464711675237991
ISG15	IFNG	0.38021856353791583	0.2947750700513334
ISG15	TNF	0.4163981400839921	0.34850640113798004
ISG15	CCL5	0.4815126050420168	0.12375533428165006
ISG15	NKG7	0.43865546218487395	0.15811357916621074
ISG15	PRF1	0.39355742296918766	0.13010176168070903
ISG15	GZMB	0.4319327731092438	-0.006455848561111719
ISG15	PDCD1	0.15714285714285714	-0.09049130101761681
ISG15	LAG3	0.1392156862745098	0.06094758726337673
ISG15	TIGIT	0.4890756302521009	0.306707517233833
ISG15	TOX	0.49439775910364153	-0.033592296750191486
MX1	OAS1	0.650140056022409	0.5655979866506182
MX1	CXCL9	0.21708683473389356	0.3988401356822409
MX1	CXCL10	0.20448179271708683	0.501039501039501
MX1	IFNG	0.24964977163764407	0.14996175061325728
MX1	TNF	0.2569026559319952	0.43341722289090706
MX1	CCL5	0.2893557422969188	0.26140715614399823
MX1	NKG7	0.18095238095238098	0.1425757741547215
MX1	PRF1	0.29327731092436976	0.26118831381989277
MX1	GZMB	0.3938375350140056	0.3754240070029544
MX1	PDCD1	0.2142857142857143	0.2539665171244119
MX1	LAG3	0.18683473389355743	0.31677426414268517
MX1	TIGIT	0.2742296918767507	0.23361418098260203
MX1	TOX	0.5142857142857143	0.08305066199803042
OAS1	CXCL9	0.08935574229691878	0.550060181639129
OAS1	CXCL10	0.17871148459383757	0.4244446876025823
OAS1	IFNG	0.15634632163165585	0.3068245898230341
OAS1	TNF	0.2493343289159953	0.2666593719225298
OAS1	CCL5	0.25462184873949584	0.43823175402122777
OAS1	NKG7	0.19215686274509805	0.33647007331217854
OAS1	PRF1	0.24957983193277314	0.5027902396323448
OAS1	GZMB	0.215406162464986	0.44063901958638796
OAS1	PDCD1	0.238375350140056	0.1870007659481344
OAS1	LAG3	0.2490196078431373	0.5218295218295218
OAS1	TIGIT	0.24957983193277314	0.33165554218185794
OAS1	TOX	0.48515406162464986	0.10077689025057447
CXCL9	CXCL10	0.8515406162464986	0.7802823065980962
CXCL9	IFNG	0.7444662662639957	0.42600529447403773
CXCL9	TNF	0.8615278919879837	0.6019258124521282
CXCL9	CCL5	0.8700280112044817	0.5522486048801838
CXCL9	NKG7	0.6238095238095238	0.6010504431557063
CXCL9	PRF1	0.6803921568627451	0.5467775467775468
CXCL9	GZMB	0.7095238095238096	0.5979866506182295
CXCL9	PDCD1	0.4661064425770309	0.5704125177809388
CXCL9	LAG3	0.4179271708683474	0.410219936535726
CXCL9	TIGIT	0.7663865546218488	0.5968924389977022
CXCL9	TOX	0.6198879551820728	0.4935988620199146
CXCL10	IFNG	0.6349117649056132	0.5241541100689818
CXCL10	TNF	0.8019623552879849	0.6524783893204945
CXCL10	CCL5	0.7708683473389356	0.4859393806762227
CXCL10	NKG7	0.6159663865546219	0.4463289200131305
CXCL10	PRF1	0.6154061624649859	0.4170040485829959
CXCL10	GZMB	0.5145658263305323	0.4846263267315899
CXCL10	PDCD1	0.5246498599439776	0.5531239741766059
CXCL10	LAG3	0.33277310924369746	0.31108436371594267
CXCL10	TIGIT	0.6630252100840336	0.4881278039172776
CXCL10	TOX	0.5092436974789917	0.37608053397527086
IFNG	TNF	0.6926959816348731	0.44878984095143554
IFNG	CCL5	0.797142087888998	0.6065290088718813
IFNG	NKG7	0.6458391959873957	0.529631164510664
IFNG	PRF1	0.747828552750698	0.7079640571318349
IFNG	GZMB	0.7038386378830098	0.5894405990138332
IFNG	PDCD1	0.6158588081476336	0.5079420289216027
IFNG	LAG3	0.5626226054415143	0.5436524238813703
IFNG	TIGIT	0.8405716216755691	0.5975466395875227
IFNG	TOX	0.7455870284262298	0.3602806411738519
TNF	CCL5	0.8782062422639836	0.5452456505088084
TNF	NKG7	0.7004907115919868	0.49731918152970783
TNF	PRF1	0.7335671037359862	0.46974504869241707
TNF	GZMB	0.638262245015988	0.6597001860159756
TNF	PDCD1	0.5722496149319892	0.45836524783893207
TNF	LAG3	0.5414156900519898	0.3522267206477733
TNF	TIGIT	0.7976175749639851	0.5266440529598424
TNF	TOX	0.6695166325079874	0.410219936535726
CCL5	NKG7	0.7901960784313725	0.8323667797352008
CCL5	PRF1	0.8568627450980392	0.8170478170478171
CCL5	GZMB	0.8022408963585435	0.7039063354852828
CCL5	PDCD1	0.5750700280112045	0.5640660903818798
CCL5	LAG3	0.48655462184873954	0.653572600941022
CCL5	TIGIT	0.8476190476190477	0.5620965094649304
CCL5	TOX	0.7140056022408965	0.4191924718240508
NKG7	PRF1	0.861624649859944	0.7675894517999781
NKG7	GZMB	0.7406162464985995	0.6452565926250137
NKG7	PDCD1	0.5535014005602241	0.42838384943648106
NKG7	LAG3	0.5901960784313726	0.5445891235364919
NKG7	TIGIT	0.7123249299719888	0.5143888828099354
NKG7	TOX	0.5661064425770308	0.25768683663420505
PRF1	GZMB	0.8543417366946778	0.773935879199037
PRF1	PDCD1	0.5759103641456582	0.4911915964547544
PRF1	LAG3	0.6789915966386556	0.8087318087318087
PRF1	TIGIT	0.7378151260504202	0.5612211401685085
PRF1	TOX	0.723529411764706	0.37673706094758724
GZMB	PDCD1	0.42268907563025215	0.5914213808950651
GZMB	LAG3	0.49159663865546227	0.5785096837728416
GZMB	TIGIT	0.6630252100840336	0.6065215012583433
GZMB	TOX	0.6372549019607843	0.35594704015756645
PDCD1	LAG3	0.7243697478991598	0.409782251887515
PDCD1	TIGIT	0.6336134453781513	0.5990808622387569
PDCD1	TOX	0.553781512605042	0.5599080862238756
LAG3	TIGIT	0.4971988795518208	0.46405514826567457
LAG3	TOX	0.5565826330532213	0.2800087536929642
TIGIT	TOX	0.8106442577030812	0.41240835977678086
