manuscript_section	claim_short_name	figure_panel	reported_value	source_table	source_row_or_key	dataset	status
Abstract Results	Abstract central quantitative results	3A,3D,3E,4D,4F,4H,5A,5C,5D	**Results:** Exact linkage recovered 58,872 TCR-associated cells. PTPN22 and AF35 consistently marked expanded, persistent and baseline later-observed clonotypes in 9/9, 7/7 and 7/7 evaluable patients. State adjustment reduced all three AF35 clone-context contrasts to about one-tenth of their unadjusted magnitudes, consistent with preferential T-cell-state representation as the main contributor. In the seven-patient peripheral-blood responder-nonresponder decomposition, clone-size weighting accounted for most of the positive occupancy contrast, which was largely offset by a negative within-state component. The positive spatial direction in the GSE238264 specification context was independently reproduced with stronger evidence in pretreatment Wu (difference in Moran I, 0.137; 95% CI 0.028 to 0.250). AF35-high regions showed higher CD8 T-cell and dendritic-cell composition without corresponding DC-CD8 topological enrichment. In two independent pretreatment ICI cohorts, AF35 Hedges' g was 0.87 (95% CI -0.10 to 2.20) and 0.75 (0.19 to 1.45); single-member deletion and all tested random dropouts preserved the positive clinical-effect direction. Perturbation and comparator analyses placed AF35 within a broader immune-engaged state rather than a uniformly PTPN22-controlled or ICI-exclusive program.	derived_data/publication_source_tables/F5D_SAVED_CONDITIONAL_RANDOM_DRAWS.tsv | derived_data/publication_source_tables/GSE235863_CLONE_PATIENT_SUMMARIES.tsv | derived_data/publication_source_tables/S07_01.tsv | derived_data/publication_source_tables/S07_02.tsv | derived_data/publication_source_tables/S07_03.tsv | derived_data/publication_source_tables/S07_05.tsv | derived_data/publication_source_tables/S07_06.tsv | derived_data/publication_source_tables/S07_07.tsv | derived_data/publication_source_tables/S07_08.tsv | derived_data/publication_source_tables/S08_02.tsv | derived_data/publication_source_tables/S08_03.tsv | derived_data/publication_source_tables/S08_07.tsv | derived_data/publication_source_tables/S09_01.tsv | derived_data/publication_source_tables/S10_01.tsv | derived_data/publication_source_tables/S10_03.tsv | derived_data/publication_source_tables/S10_04.tsv | derived_data/publication_source_tables/S10_05.tsv | derived_data/publication_source_tables/S10_06.tsv | derived_data/publication_source_tables/S11_05.tsv | derived_data/publication_source_tables/S11_06.tsv | derived_data/publication_source_tables/S11_10.tsv | derived_data/publication_source_tables/S12_01.tsv | derived_data/publication_source_tables/S12_02.tsv | derived_data/publication_source_tables/S12_03.tsv | derived_data/publication_source_tables/WU_MICROENVIRONMENT_CELL_TYPE_PATIENT_ROWS.tsv	Same frozen estimates as Results R07-R09/R12-R13/R15-R16; Wu effect/CI rounded to 3 decimals; clinical effects/CI rounded to 2 decimals; counts and direction fractions in ADDITIONAL_CLAIM_CHECKS.tsv	GSE235863; GSE238264; Wu; ERP117672; GSE302495	COMPLETE
Abstract Methods (central definition/population only)	Fixed 35 genes and 35/38 clinical populations	2A,5A	Fixed unsigned equal-weight 35-gene program excluding PTPN22; 35 and 38 clinical patients	config/AF35_genes.txt | derived_data/publication_source_tables/S11_10.tsv	35 unique ordered genes, PTPN22 absent; dataset ERP117672 n=35; GSE302495 n=38	ERP117672; GSE302495	COMPLETE
Results	R01 In the 86,864-cell GSE206325 T-cell atlas, PTPN22 localized within a recurrent architecture spanning	1A,1B,1C	In the 86,864-cell GSE206325 T-cell atlas, PTPN22 localized within a recurrent architecture spanning progenitor, effector, terminally exhausted, proliferating, T follicular helper-like and regulatory states. Feature maps for PTPN22, TCF7, GZMB and CXCL13, together with functional program scores, placed the anchor within an activation-feedback context that combined TCR, NF-κB, interferon, effector and checkpoint-associated features (figure 1A,C; online supplemental figure S1; online supplemental table S4). In GSE149614 [20] and GSE326201 [21] (10 patients each), patient-level correlations reproduced positive directions in effector, terminally exhausted and T follicular helper-like contexts. Terminal-exhaustion correlations were 0.131 (95% CI, 0.037–0.226) and 0.039 (95% CI, 0.012–0.078), respectively (figure 1B).	derived_data/publication_source_tables/B_STATE_RECURRENCE.tsv | derived_data/publication_source_tables/CLAIM_TISSUE_STATE_CORRELATIONS.tsv | derived_data/publication_source_tables/FIGURE1_DISPLAY_UMAP_COORDINATES_V1.tsv | derived_data/publication_source_tables/FIGURE1_FUNCTIONAL_UCELL_VALUES_V1.tsv | derived_data/publication_source_tables/FIGURE1_MARKER_UMAP_VALUES_V1.tsv | derived_data/publication_source_tables/FIGURE1_STATE_PROGRAM_ASSOCIATION_PLOT_READY.tsv | derived_data/publication_source_tables/S04_01.tsv | derived_data/publication_source_tables/S04_02.tsv | derived_data/publication_source_tables/S04_03.tsv	Q0138: PTPN22 / T_terminal_exhaustion; field=median_patient_rho_discovery | Q0139: PTPN22 / T_terminal_exhaustion; field=ci_lower_discovery | Q0140: PTPN22 / T_terminal_exhaustion; field=ci_upper_discovery | Q0141: PTPN22 / T_terminal_exhaustion; field=median_patient_rho_replication | Q0142: PTPN22 / T_terminal_exhaustion; field=ci_lower_replication | Q0143: PTPN22 / T_terminal_exhaustion; field=ci_upper_replication | Q24639: all6states; field=sum n_cells	GSE149614; GSE326201 | GSE206325	COMPLETE
Results	R02 Across four external whole-tumor HCC immunotherapy cohorts—GSE202069 (n=17), GSE215011 (n=10), GSE23	1D	Across four external whole-tumor HCC immunotherapy cohorts—GSE202069 (n=17), GSE215011 (n=10), GSE235863 (n=15) and GSE279750 (n=10)—the responder-minus-nonresponder PTPN22 effect was positive but heterogeneous (figure 1D; online supplemental figure S2; online supplemental table S5). The REML/HKSJ pooled Hedges’ g was 0.807 (95% CI, 0.003–1.611), with a 95% prediction interval of −0.280 to 1.894. Because sampling time was post-treatment or incompletely encoded across these cohorts, this synthesis estimates cross-sectional response association rather than pretreatment prediction.	derived_data/publication_source_tables/D_FOUR_COHORTS.tsv | derived_data/publication_source_tables/D_PRIMARY_META.tsv | derived_data/publication_source_tables/S05_01.tsv	"Q0001: {""model_id"": ""PRIMARY_BULK_TUMOR_REML_HKSJ""}; TSV line 2; field=pooled_hedges_g | Q0002: {""model_id"": ""PRIMARY_BULK_TUMOR_REML_HKSJ""}; TSV line 2; field=ci_low | Q0003: {""model_id"": ""PRIMARY_BULK_TUMOR_REML_HKSJ""}; TSV line 2; field=ci_high | Q0004: {""model_id"": ""PRIMARY_BULK_TUMOR_REML_HKSJ""}; TSV line 2; field=prediction_interval_low | Q0005: {""model_id"": ""PRIMARY_BULK_TUMOR_REML_HKSJ""}; TSV line 2; field=prediction_interval_high"	GSE202069; GSE215011; GSE235863; GSE279750	COMPLETE
Results	R03 In six GSE235863 pretreatment tumor patients (9,088 exact-mapped T cells; 20 released states), patie	1E,1F,1G,1H	In six GSE235863 pretreatment tumor patients (9,088 exact-mapped T cells; 20 released states), patient-level covariance analyses separated total PTPN22–AF35 coupling into between-state and within-state components and showed that their relative contributions varied across T-cell compartments and state-omission analyses (figure 1E,F). Perturbational findings were likewise context dependent. In primary human CD4 T-cell CRISPRi data from four donors [26], PTPN22 perturbation shifted selected TCR-linked outputs at rest and after stimulation without producing uniform AF35 regulation (figure 1G). In the GSE94859 PTPN22 R620W experiment [28], the TT-minus-CC difference in the activated-minus-naive AF35 contrast remained uncertain (D=−0.355, 95% CI −1.230 to 0.618; Hedges’ g=−0.331, 95% CI −1.935 to 0.535; figure 1H). These results support recurrent localization of PTPN22 to an activation-feedback T-cell architecture while leaving its mechanistic effects dependent on cellular and experimental context (online supplemental figure S3; online supplemental table S5).	derived_data/publication_source_tables/E_PATIENT_COMPONENTS.tsv | derived_data/publication_source_tables/F_LINEAGE_SUMMARY.tsv | derived_data/publication_source_tables/F_SINGLE_STATE_LOSO.tsv | derived_data/publication_source_tables/G1_ORIENTED_GENE_EFFECTS.tsv | derived_data/publication_source_tables/G1_PROGRAM_SHIFTS.tsv | derived_data/publication_source_tables/G1_RANDOM_REFERENCES.tsv | derived_data/publication_source_tables/G2_DONORS.tsv | derived_data/publication_source_tables/G2_GENOTYPE_EFFECT.tsv | derived_data/publication_source_tables/S05_03.tsv | derived_data/publication_source_tables/S05_04.tsv	"Q0006: {""program"": ""AF35""}; TSV line 2; field=D_TT_minus_CC | Q0007: {""program"": ""AF35""}; TSV line 2; field=bootstrap_D_CI95_low | Q0008: {""program"": ""AF35""}; TSV line 2; field=bootstrap_D_CI95_high | Q0009: {""program"": ""AF35""}; TSV line 2; field=Hedges_g | Q0010: {""program"": ""AF35""}; TSV line 2; field=bootstrap_g_CI95_low | Q0011: {""program"": ""AF35""}; TSV line 2; field=bootstrap_g_CI95_high | Q24640: 6 primary patient rows; field=sum cell_n"	GSE235863 | GSE94859 | Primary human CD4 PTPN22 CRISPRi; original author-defined effects	COMPLETE
Results	R04 AF35 was defined as a fixed, unsigned, equal-weight 35-gene state readout that excludes PTPN22, ther	2A,2B,2C,2D,2E	AF35 was defined as a fixed, unsigned, equal-weight 35-gene state readout that excludes PTPN22, thereby separating the distributed measurement from its biological anchor (figure 2A). In ERP117672 and GSE302495, its members represented TCR, feedback, scaffold, NF-κB, interferon, effector/cytotoxic and checkpoint-related functions (figure 2B,C). Across all 595 gene pairs, correlation structure was conserved between cohorts (Pearson r=0.711; Spearman rho=0.713; figure 2D). Median pairwise correlation, first-principal-component variance, split-half correlation and Spearman–Brown reliability further supported coherent, cohort-dependent internal structure (figure 2E; online supplemental figure S4).	derived_data/publication_source_tables/AF35_FUNCTIONAL_ROLE_ANNOTATION.tsv | derived_data/publication_source_tables/AF35_PROGRAM_COHERENCE_COVARIANCE_VECTORS.tsv | derived_data/publication_source_tables/AF35_PROGRAM_COHERENCE_CROSS_COHORT.tsv | derived_data/publication_source_tables/AF35_PROGRAM_COHERENCE_GENE_CORRELATION_ERP117672.tsv | derived_data/publication_source_tables/AF35_PROGRAM_COHERENCE_GENE_CORRELATION_GSE302495.tsv | derived_data/publication_source_tables/AF35_PROGRAM_COHERENCE_PCA.tsv | derived_data/publication_source_tables/AF35_PROGRAM_COHERENCE_SPLIT_HALF.tsv | derived_data/publication_source_tables/AF35_PROGRAM_COHERENCE_WITHIN_COHORT_SUMMARY.tsv | derived_data/publication_source_tables/AF35_PTPN22_GENE_COUPLING.tsv | derived_data/publication_source_tables/FIGURE1_DISPLAY_UMAP_COORDINATES_V1.tsv | derived_data/publication_source_tables/FIGURE1_MARKER_UMAP_VALUES_V1.tsv | derived_data/publication_source_tables/FIGURE1_STATE_PROGRAM_ASSOCIATION_PLOT_READY.tsv | derived_data/publication_source_tables/S03_01.tsv | derived_data/publication_source_tables/S03_04.tsv	Q0135: ERP117672__GSE302495; field=pair_n | Q0136: ERP117672__GSE302495; field=covariance_pearson | Q0137: ERP117672__GSE302495; field=covariance_spearman	ERP117672; GSE302495	COMPLETE
Results	R05 Measurement fidelity remained high when individual members were removed without access to outcome la	2F,2G	Measurement fidelity remained high when individual members were removed without access to outcome labels. Leave-one-member-out scores retained 34 of 35 genes and correlated with complete AF35 at rho=0.996998–0.999437 in 40 ERP117672 molecular samples and rho=0.994967–0.998687 in 38 GSE302495 samples (figure 2F). Across 1,000 random draws per cohort and dropout level, removal of 4, 7 or 11 members (nominal 10%, 20% or 30%) also retained high score-to-full correlations (figure 2G). Detection-/variance-ordered dropout, count-depth thinning, rank-based scoring and single-gene dominance analyses gave complementary measurement-sensitivity results (online supplemental figure S5; online supplemental table S6).	derived_data/publication_source_tables/S06_01.tsv | derived_data/publication_source_tables/S06_02.tsv	Q0144: ERP117672 all35 fixed omissions; field=min | Q0145: ERP117672 all35 fixed omissions; field=max | Q0146: GSE302495 all35 fixed omissions; field=min | Q0147: GSE302495 all35 fixed omissions; field=max	ERP117672; GSE302495	COMPLETE
Results	R06 AF35 was additionally compared with 2,000 expression- and detection-matched random programs per coho	2H	AF35 was additionally compared with 2,000 expression- and detection-matched random programs per cohort (figure 2H). Together, these analyses establish cross-cohort structural conservation and outcome-blind score stability.	derived_data/publication_source_tables/AF35_PROGRAM_COHERENCE_RANDOM_REFERENCE_RESULTS.tsv | derived_data/publication_source_tables/AF35_PROGRAM_COHERENCE_RANDOM_REFERENCE_SUMMARY.tsv	Exact panel-specific rows; see MAIN_FIGURE_PANEL_PROVENANCE.tsv and ADDITIONAL_CLAIM_CHECKS.tsv	ERP117672; GSE302495	COMPLETE
Results	R07 Exact integration of GSE235863 linked all 58,872 released TCR-associated barcodes to the processed s	3A,3B,3C	Exact integration of GSE235863 linked all 58,872 released TCR-associated barcodes to the processed single-cell transcriptomes while retaining patient identity, paired CDR3 sequences, clonotype annotation, timepoint and 20 T-cell states (figure 3A,B; online supplemental figure S6; online supplemental table S7). Expansion, within-tissue persistence and baseline-to-later peripheral-blood observation were evaluated in distinct eligible populations of 9, 7 and 7 patients, respectively (figure 3A–D).	derived_data/publication_source_tables/AF35_STATE_FROZEN_SCORE_SUMMARY.tsv | derived_data/publication_source_tables/F3D_EQUAL_PATIENT_DISPLAY_VALUES.tsv | derived_data/publication_source_tables/GSE235863_CLONE_PATIENT_SUMMARIES.tsv | derived_data/publication_source_tables/GSE235863_EXACT_LINKED_TCELL_ATLAS.tsv | derived_data/publication_source_tables/GSE235863_FROZEN_PROGRAM_CELL_SCORES.tsv | derived_data/publication_source_tables/GSE235863_STATE_PROGRAM_MATRIX.tsv | derived_data/publication_source_tables/S07_05.tsv | derived_data/publication_source_tables/S07_07.tsv	Q0016: EXPANSION; field=eligible_patient_n | Q0021: PERSISTENCE; field=eligible_patient_n | Q0026: LATER_OBSERVATION; field=eligible_patient_n	GSE235863	COMPLETE
Results	R08 In this exact-linked cohort, PTPN22 was higher in expanded than singleton clonotypes in all nine eva	3D	In this exact-linked cohort, PTPN22 was higher in expanded than singleton clonotypes in all nine evaluable patients (mean within-patient contrast +0.256 Δlog1p[CP10K], interval +0.203 to +0.304), in persistent than nonpersistent clonotypes in all seven evaluable patients (mean +0.270, +0.212 to +0.323), and at baseline in later-observed than not-later-observed clonotypes in all seven paired patients (median +0.184, +0.033 to +0.198; figure 3). AF35 showed concordant mean contrasts of +0.161, +0.195 and +0.297 in its own standardized projection units (figure 3D). State adjustment attenuated the AF35 expansion contrast from +0.161455 to +0.021711 (95% CI, +0.015418 to +0.028632) and the persistence contrast from +0.195373 to +0.016135 (95% CI, +0.007919 to +0.024352). The later-observation contrast decreased from +0.296884 to +0.031249 (95% CI, −0.005425 to +0.057308). State adjustment therefore reduced each contrast to roughly one-tenth of its unadjusted magnitude, consistent with preferential representation of specific T-cell states as the main contributor to the clone-context AF35 differences (online supplemental figure S7; online supplemental table S7).	derived_data/publication_source_tables/S07_01.tsv | derived_data/publication_source_tables/S07_02.tsv | derived_data/publication_source_tables/S07_03.tsv | derived_data/publication_source_tables/S07_05.tsv | derived_data/publication_source_tables/S07_06.tsv | derived_data/publication_source_tables/S07_07.tsv | derived_data/publication_source_tables/S07_08.tsv	"Q0012: {""identity"": ""AUTHOR_CLONE_ID"", ""context"": ""EXPANSION"", ""score"": ""AF35"", ""estimate"": ""RAW""}; TSV line 4; field=mean_patient_effect | Q0013: {""identity"": ""AUTHOR_CLONE_ID"", ""context"": ""EXPANSION"", ""score"": ""AF35"", ""estimate"": ""STATE_ADJUSTED""}; TSV line 5; field=mean_patient_effect | Q0014: {""identity"": ""AUTHOR_CLONE_ID"", ""context"": ""EXPANSION"", ""score"": ""AF35"", ""estimate"": ""STATE_ADJUSTED""}; TSV line 5; field=bootstrap_ci_low | Q0015: {""identity"": ""AUTHOR_CLONE_ID"", ""context"": ""EXPANSION"", ""score"": ""AF35"", ""estimate"": ""STATE_ADJUSTED""}; TSV line 5; field=bootstrap_ci_high | Q0017: {""identity"": ""AUTHOR_CLONE_ID"", ""context"": ""PERSISTENCE"", ""score"": ""AF35"", ""estimate"": ""RAW""}; TSV line 8; field=mean_patient_effect | Q0018: {""identity"": ""AUTHOR_CLONE_ID"", ""context"": ""PERSISTENCE"", ""score"": ""AF35"", ""estimate"": ""STATE_ADJUSTED""}; TSV line 9; field=mean_patient_effect | Q0019: {""identity"": ""AUTHOR_CLONE_ID"", ""context"": ""PERSISTENCE"", ""score"": ""AF35"", ""estimate"": ""STATE_ADJUSTED""}; TSV line 9; field=bootstrap_ci_low | Q0020: {""identity"": ""AUTHOR_CLONE_ID"", ""context"": ""PERSISTENCE"", ""score"": ""AF35"", ""estimate"": ""STATE_ADJUSTED""}; TSV line 9; field=bootstrap_ci_high | Q0022: {""identity"": ""AUTHOR_CLONE_ID"", ""context"": ""LATER_OBSERVATION"", ""score"": ""AF35"", ""estimate"": ""RAW""}; TSV line 12; field=mean_patient_effect | Q0023: {""identity"": ""AUTHOR_CLONE_ID"", ""context"": ""LATER_OBSERVATION"", ""score"": ""AF35"", ""estimate"": ""STATE_ADJUSTED""}; TSV line 13; field=mean_patient_effect | Q0024: {""identity"": ""AUTHOR_CLONE_ID"", ""context"": ""LATER_OBSERVATION"", ""score"": ""AF35"", ""estimate"": ""STATE_ADJUSTED""}; TSV line 13; field=bootstrap_ci_low | Q0025: {""identity"": ""AUTHOR_CLONE_ID"", ""context"": ""LATER_OBSERVATION"", ""score"": ""AF35"", ""estimate"": ""STATE_ADJUSTED""}; TSV line 13; field=bootstrap_ci_high | Q0126: {""analysis_family"": ""PRIMARY_PATIENT_SUMMARY"", ""analysis_id"": ""blood_unadjusted""}; TSV line 2; field=estimate | Q0127: {""analysis_family"": ""PRIMARY_PATIENT_SUMMARY"", ""analysis_id"": ""blood_unadjusted""}; TSV line 2; field=ci_low | Q0128: {""analysis_family"": ""PRIMARY_PATIENT_SUMMARY"", ""analysis_id"": ""blood_unadjusted""}; TSV line 2; field=ci_high | Q0129: {""metric"": ""expanded_minus_singleton_ptpn22""}; TSV line 2; field=mean_patient_effect | Q0130: {""metric"": ""expanded_minus_singleton_ptpn22""}; TSV line 2; field=bootstrap_ci_low | Q0131: {""metric"": ""expanded_minus_singleton_ptpn22""}; TSV line 2; field=bootstrap_ci_high | Q0132: {""metric"": ""persistent_minus_nonpersistent_ptpn22""}; TSV line 6; field=mean_patient_effect | Q0133: {""metric"": ""persistent_minus_nonpersistent_ptpn22""}; TSV line 6; field=bootstrap_ci_low | Q0134: {""metric"": ""persistent_minus_nonpersistent_ptpn22""}; TSV line 6; field=bootstrap_ci_high"	GSE235863	COMPLETE
Results	R09 The patient-level AF35 decomposition was hierarchical: Overall=Occupancy+Within-state+Interaction, a	3E	The patient-level AF35 decomposition was hierarchical: Overall=Occupancy+Within-state+Interaction, and Occupancy=Clone-equal+Clone-size (figure 3E). In the seven-patient peripheral-blood decomposition (4 R/3 NR), the responder-minus-nonresponder estimates were +0.0157 overall, +0.0770 occupancy, +0.0155 clone-equal, +0.0614 clone-size, −0.0610 within-state and −0.0003 interaction. Clone-size weighting accounted for most of the positive occupancy contrast, while the negative within-state component largely canceled that advantage and left a small overall contrast. The separate occupancy-minus-within-state contrast was +0.1380.	derived_data/publication_source_tables/S08_02.tsv | derived_data/publication_source_tables/S08_03.tsv | derived_data/publication_source_tables/S08_07.tsv	"Q0027: {""compartment"": ""P"", ""component"": ""M""}; TSV line 2; field=observed | Q0028: {""compartment"": ""P"", ""component"": ""O""}; TSV line 3; field=observed | Q0029: {""compartment"": ""P"", ""component"": ""W""}; TSV line 4; field=observed | Q0030: {""compartment"": ""P"", ""component"": ""X""}; TSV line 5; field=observed | Q0031: {""compartment"": ""P"", ""component"": ""O_minus_W""}; TSV line 6; field=observed | Q0032: {""component"": ""O_CLONE""}; TSV line 3; field=raw_R_minus_NR | Q0033: {""component"": ""D_SIZE""}; TSV line 4; field=raw_R_minus_NR | Q0034: {""component"": ""O_CLONE""}; TSV line 3; field=R_n | Q0035: {""component"": ""O_CLONE""}; TSV line 3; field=NR_n"	GSE235863	COMPLETE
Results	R10 AF35-weighted occupancy was defined as state occupancy weighted by fixed state-specific AF35 coeffic	3F,3G,3H	AF35-weighted occupancy was defined as state occupancy weighted by fixed state-specific AF35 coefficients. Cell-weighted and clone-equal versions described the representation of AF35-associated states (figure 3F,G). There was no clear responder-specific global strengthening of AF35-weighted occupancy after treatment, and paired trajectories varied across patients. Later observation was therefore interpreted strictly as repeat detection in sampled blood (figure 3F–H; online supplemental figure S8; online supplemental table S8).	derived_data/publication_source_tables/AF35_M2_PATIENT_TIMEPOINT_COMPONENTS_RESPONSE_BLIND.tsv | derived_data/publication_source_tables/S08_04.tsv | derived_data/publication_source_tables/S08_05.tsv	Exact panel-specific rows; see MAIN_FIGURE_PANEL_PROVENANCE.tsv and ADDITIONAL_CLAIM_CHECKS.tsv	GSE235863	COMPLETE
Results	R11 Spatial organization was examined first in the original AF35 spatial context, GSE238264 (seven respo	4A,4B	Spatial organization was examined first in the original AF35 spatial context, GSE238264 (seven response-annotated post-treatment patients), and then in an independent pretreatment Wu cohort (11 response-annotated patients). Conditional AF35 was defined within each section as the AF35 residual after adjustment for broad immune score and technical coverage. A representative Wu field illustrates the conditional residual together with H&E morphology, tissue annotation, broad immune score and unadjusted AF35 (figure 4A). Adjacent-section CODEX data provided tissue context through 14 cellular identities and a 34,002-cell coordinate Voronoi display; the adjacent sections support contextual comparison rather than same-cell colocalization (figure 4B; online supplemental figure S9).	derived_data/publication_source_tables/F4B_COORDINATE_SOURCE_RECORD.tsv | derived_data/publication_source_tables/WU_SELECTED_SAMPLE_ST_LAYERS_PLOT_READY.tsv	Exact panel-specific rows; see MAIN_FIGURE_PANEL_PROVENANCE.tsv and ADDITIONAL_CLAIM_CHECKS.tsv	GSE238264; Wu Zenodo 19123188	COMPLETE
Results	R12 The primary spatial statistic was global univariate Moran-type autocorrelation of the conditional AF	4C,4D	The primary spatial statistic was global univariate Moran-type autocorrelation of the conditional AF35 residual. The responder-minus-nonresponder difference was +0.03448 in GSE238264 (patient-bootstrap 95% CI, −0.00655 to +0.07638; exact label-permutation P=0.2286) and +0.13655 in Wu (95% CI, +0.02815 to +0.25009; P=0.0433; figure 4C,D). The pretreatment Wu cohort independently reproduced the positive responder-associated direction seen in the specification context, with stronger evidence. A source-input audit confirmed that all 11,637 pretreatment Wu spots carried the released in_tissue=1 flag, but 397 zero-count spots had entered the original residualization and k=6 graphs. In the single technical sensitivity excluding those zero-count spots, the same patient-level contrast was +0.13634 (95% CI, +0.02730 to +0.24853; exact label-permutation P=0.04545), preserving the original direction and magnitude (online supplemental table S9). Cohort-specific unresidualized program levels were displayed descriptively alongside the conditional spatial statistic and were not interpreted on a shared standardized scale (online supplemental table S9).	derived_data/publication_source_tables/F5C_GSE_FROZEN_RESIDUAL_SPOTS.tsv | derived_data/publication_source_tables/F5D_SAVED_CONDITIONAL_RANDOM_DRAWS.tsv | derived_data/publication_source_tables/S09_01.tsv | derived_data/publication_source_tables/S09_03.tsv | derived_data/publication_source_tables/S09_05.tsv | derived_data/publication_source_tables/WU_SAVED_RESIDUAL_SPOTS_EXPORT.tsv	"Q0036: {""cohort"": ""GSE238264"", ""record_type"": ""COHORT_SUMMARY""}; TSV line 20; field=conditional_R_minus_NR | Q0037: {""cohort"": ""GSE238264"", ""record_type"": ""COHORT_SUMMARY""}; TSV line 20; field=bootstrap_ci_low | Q0038: {""cohort"": ""GSE238264"", ""record_type"": ""COHORT_SUMMARY""}; TSV line 20; field=bootstrap_ci_high | Q0039: {""cohort"": ""GSE238264"", ""record_type"": ""COHORT_SUMMARY""}; TSV line 20; field=exact_permutation_p_two_sided | Q0040: {""cohort"": ""Wu_Zenodo_19123188"", ""record_type"": ""COHORT_SUMMARY""}; TSV line 21; field=conditional_R_minus_NR | Q0041: {""cohort"": ""Wu_Zenodo_19123188"", ""record_type"": ""COHORT_SUMMARY""}; TSV line 21; field=bootstrap_ci_low | Q0042: {""cohort"": ""Wu_Zenodo_19123188"", ""record_type"": ""COHORT_SUMMARY""}; TSV line 21; field=bootstrap_ci_high | Q0043: {""cohort"": ""Wu_Zenodo_19123188"", ""record_type"": ""COHORT_SUMMARY""}; TSV line 21; field=exact_permutation_p_two_sided | Q24635: 11 pretreatment sections; field=total_source_spots | Q24636: 11 pretreatment sections; field=tissue_included_spots | Q24637: 11 pretreatment sections; field=zero_total_count_spots | Q24638: 11 pretreatment sections; field=zero_count_spots_in_original_analysis | Q24641: line 2; field=effect | Q24642: line 2; field=bootstrap_ci_low | Q24643: line 2; field=bootstrap_ci_high | Q24644: line 2; field=exact_permutation_p_two_sided"	GSE238264; Wu Zenodo 19123188	COMPLETE
Results	R13 Immune-matched regional analyses retained a positive direction in both cohorts, with a larger effect	4E,4F,4G,4H	Immune-matched regional analyses retained a positive direction in both cohorts, with a larger effect in Wu. The responder-minus-nonresponder difference in patient-level immune-matched high-minus-low neighborhood contrasts was +0.030 (95% CI −0.062 to +0.115; P=0.6286) in GSE238264 and +0.381 (+0.055 to +0.753; P=0.0671) in Wu (figure 4E; online supplemental figure S10). In the ten-patient, 17-region Wu ST–CODEX subset, AF35-high regions showed higher CD8 T-cell (+3.3931 percentage points) and dendritic-cell (+2.8699 percentage points) composition and lower Stroma Uncharacterized composition (−1.9523 percentage points); each had BH q=0.02734375 across the 14-identity family. By contrast, DC–CD8 topology showed no corresponding enrichment (mean patient-level contrast +0.04168574; 95% patient-bootstrap CI, −0.37378521 to +0.49589193; exact two-sided sign-flip P=0.8515625). Composition, marker context and topology therefore captured distinct adjacent-section tissue properties (figure 4F–H; online supplemental figure S11; online supplemental table S10).	derived_data/publication_source_tables/S09_02.tsv | derived_data/publication_source_tables/S10_01.tsv | derived_data/publication_source_tables/S10_02.tsv | derived_data/publication_source_tables/S10_03.tsv | derived_data/publication_source_tables/S10_04.tsv | derived_data/publication_source_tables/S10_05.tsv | derived_data/publication_source_tables/S10_06.tsv | derived_data/publication_source_tables/WU_MICROENVIRONMENT_CELL_TYPE_PATIENT_ROWS.tsv	"Q0044: {""cohort"": ""GSE238264"", ""record_type"": ""COHORT_SUMMARY""}; TSV line 20; field=regional_local_effect_R_minus_NR | Q0045: {""cohort"": ""GSE238264"", ""record_type"": ""COHORT_SUMMARY""}; TSV line 20; field=bootstrap_ci_low | Q0046: {""cohort"": ""GSE238264"", ""record_type"": ""COHORT_SUMMARY""}; TSV line 20; field=bootstrap_ci_high | Q0047: {""cohort"": ""GSE238264"", ""record_type"": ""COHORT_SUMMARY""}; TSV line 20; field=exact_permutation_p_two_sided | Q0048: {""cohort"": ""Wu_Zenodo_19123188"", ""record_type"": ""COHORT_SUMMARY""}; TSV line 21; field=regional_local_effect_R_minus_NR | Q0049: {""cohort"": ""Wu_Zenodo_19123188"", ""record_type"": ""COHORT_SUMMARY""}; TSV line 21; field=bootstrap_ci_low | Q0050: {""cohort"": ""Wu_Zenodo_19123188"", ""record_type"": ""COHORT_SUMMARY""}; TSV line 21; field=bootstrap_ci_high | Q0051: {""cohort"": ""Wu_Zenodo_19123188"", ""record_type"": ""COHORT_SUMMARY""}; TSV line 21; field=exact_permutation_p_two_sided | Q0052: {""feature"": ""CD8 T cells""}; TSV line 4; field=mean | Q0053: {""feature"": ""CD8 T cells""}; TSV line 4; field=q_BH_family | Q0054: {""feature"": ""Dendritic cells""}; TSV line 5; field=mean | Q0055: {""feature"": ""Dendritic cells""}; TSV line 5; field=q_BH_family | Q0056: {""feature"": ""Stroma Uncharacterized""}; TSV line 12; field=mean | Q0057: {""feature"": ""Stroma Uncharacterized""}; TSV line 12; field=q_BH_family | Q0058: {}; TSV line 2; field=mean_DELTA_TOPOLOGY | Q0059: {}; TSV line 2; field=bootstrap_CI_low | Q0060: {}; TSV line 2; field=bootstrap_CI_high | Q0061: {}; TSV line 2; field=exact_two_sided_P"	GSE238264; Wu Zenodo 19123188	COMPLETE
Results	R14 Pretreatment clinical association was evaluated in ERP117672 and GSE302495	5A,5B	Pretreatment clinical association was evaluated in ERP117672 and GSE302495. ERP117672 included 35 response-evaluable patients (6 responders and 29 nonresponders) from 40 molecular samples. GSE302495 [30] included 38 patients (12 responders and 26 nonresponders), with response defined as greater than 10% target-lesion reduction; the responder group comprised 7 patients with partial response and 5 with RECIST stable disease but greater than 10% reduction (online supplemental figure S12; online supplemental table S11).	derived_data/publication_source_tables/S11_01.tsv | derived_data/publication_source_tables/S11_02.tsv | derived_data/publication_source_tables/S11_05.tsv | derived_data/publication_source_tables/S11_06.tsv | derived_data/publication_source_tables/S11_07.tsv | derived_data/publication_source_tables/S11_10.tsv	Q0062: ERP117672; field=n | Q0063: ERP117672; field=n_R | Q0064: ERP117672; field=n_NR | Q0083: GSE302495; field=n | Q0084: GSE302495; field=n_R | Q0085: GSE302495; field=n_NR	ERP117672; GSE302495	COMPLETE
Results	R15 PTPN22 and AF35 were higher in responders in both cohorts (figure 5A,B)	5A,5B	PTPN22 and AF35 were higher in responders in both cohorts (figure 5A,B). PTPN22 Hedges’ g was +0.63 (95% CI, −0.20 to +1.68) in ERP117672 and +0.47 (−0.07 to +1.02) in GSE302495; AF35 Hedges’ g was +0.87 (−0.10 to +2.20) and +0.75 (+0.19 to +1.45), respectively. AF35 point estimates exceeded those of PTPN22 in both cohorts, although paired Δg intervals included zero (+0.24, −0.28 to +0.83; and +0.28, −0.02 to +0.70).	derived_data/publication_source_tables/S11_05.tsv | derived_data/publication_source_tables/S11_06.tsv | derived_data/publication_source_tables/S11_07.tsv | derived_data/publication_source_tables/S11_10.tsv	"Q0074: {""dataset"": ""ERP117672""}; TSV line 2; field=g_PTPN22 | Q0075: {""dataset"": ""ERP117672""}; TSV line 2; field=g_PTPN22_ci_low | Q0076: {""dataset"": ""ERP117672""}; TSV line 2; field=g_PTPN22_ci_high | Q0077: {""dataset"": ""ERP117672""}; TSV line 2; field=g_AF35 | Q0078: {""dataset"": ""ERP117672""}; TSV line 2; field=g_AF35_ci_low | Q0079: {""dataset"": ""ERP117672""}; TSV line 2; field=g_AF35_ci_high | Q0080: {""dataset"": ""ERP117672""}; TSV line 2; field=delta_g | Q0081: {""dataset"": ""ERP117672""}; TSV line 2; field=delta_ci_low | Q0082: {""dataset"": ""ERP117672""}; TSV line 2; field=delta_ci_high | Q0095: {""dataset"": ""GSE302495""}; TSV line 3; field=g_PTPN22 | Q0096: {""dataset"": ""GSE302495""}; TSV line 3; field=g_PTPN22_ci_low | Q0097: {""dataset"": ""GSE302495""}; TSV line 3; field=g_PTPN22_ci_high | Q0098: {""dataset"": ""GSE302495""}; TSV line 3; field=g_AF35 | Q0099: {""dataset"": ""GSE302495""}; TSV line 3; field=g_AF35_ci_low | Q0100: {""dataset"": ""GSE302495""}; TSV line 3; field=g_AF35_ci_high | Q0101: {""dataset"": ""GSE302495""}; TSV line 3; field=delta_g | Q0102: {""dataset"": ""GSE302495""}; TSV line 3; field=delta_ci_low | Q0103: {""dataset"": ""GSE302495""}; TSV line 3; field=delta_ci_high"	ERP117672; GSE302495	COMPLETE
Results	R16 The clinical-effect direction remained positive after every single-member ablation and in all 1,000 	5C,5D,5E,5F	The clinical-effect direction remained positive after every single-member ablation and in all 1,000 random draws at each 10%, 20%, 30%, 40% and 50% removal level. ΔHedges’ g after single-member omission ranged from −0.03265 to +0.03520 in ERP117672 and −0.02128 to +0.03433 in GSE302495. At 50% removal, median g was 0.85823 and 0.73392, with draw ranges 0.52961–1.15485 and 0.49949–0.95997, respectively (figure 5C,D; online supplemental figure S13; online supplemental table S12). Relative to 2,000 matched random programs per cohort, AF35 occupied the extreme upper tail of both reference distributions: the 99.75th percentile in ERP117672 and the 100th sampled percentile in GSE302495 (5/2,000 and 0/2,000 reference programs at least as large; figure 5E,F; online supplemental figure S14; online supplemental table S13).	derived_data/publication_source_tables/S12_01.tsv | derived_data/publication_source_tables/S12_02.tsv | derived_data/publication_source_tables/S12_03.tsv | derived_data/publication_source_tables/S13_02.tsv | derived_data/publication_source_tables/S13_03.tsv | derived_data/publication_source_tables/S13_04.tsv	"Q0104: {""cohort"": ""ERP117672"", ""analysis"": ""single_member""}; TSV line 2; field=delta_g_min | Q0105: {""cohort"": ""ERP117672"", ""analysis"": ""single_member""}; TSV line 2; field=delta_g_max | Q0106: {""cohort"": ""ERP117672"", ""analysis"": ""random_dropout"", ""level"": ""50""}; TSV line 7; field=g_median | Q0107: {""cohort"": ""ERP117672"", ""analysis"": ""random_dropout"", ""level"": ""50""}; TSV line 7; field=g_min | Q0108: {""cohort"": ""ERP117672"", ""analysis"": ""random_dropout"", ""level"": ""50""}; TSV line 7; field=g_max | Q0109: single_member one of 35; field=positive_fraction | Q0110: random_dropout 10; field=positive_fraction | Q0111: random_dropout 20; field=positive_fraction | Q0112: random_dropout 30; field=positive_fraction | Q0113: random_dropout 40; field=positive_fraction | Q0114: random_dropout 50; field=positive_fraction | Q0115: {""cohort"": ""GSE302495"", ""analysis"": ""single_member""}; TSV line 8; field=delta_g_min | Q0116: {""cohort"": ""GSE302495"", ""analysis"": ""single_member""}; TSV line 8; field=delta_g_max | Q0117: {""cohort"": ""GSE302495"", ""analysis"": ""random_dropout"", ""level"": ""50""}; TSV line 13; field=g_median | Q0118: {""cohort"": ""GSE302495"", ""analysis"": ""random_dropout"", ""level"": ""50""}; TSV line 13; field=g_min | Q0119: {""cohort"": ""GSE302495"", ""analysis"": ""random_dropout"", ""level"": ""50""}; TSV line 13; field=g_max | Q0120: single_member one of 35; field=positive_fraction | Q0121: random_dropout 10; field=positive_fraction | Q0122: random_dropout 20; field=positive_fraction | Q0123: random_dropout 30; field=positive_fraction | Q0124: random_dropout 40; field=positive_fraction | Q0125: random_dropout 50; field=positive_fraction | Q0149: {""cohort"": ""ERP117672""}; TSV line 2; field=AF35_percentile | Q0150: {""cohort"": ""ERP117672""}; TSV line 2; field=n_random_ge_AF35 | Q0151: {""cohort"": ""ERP117672""}; TSV line 2; field=program_n | Q0152: {""cohort"": ""GSE302495""}; TSV line 3; field=AF35_percentile | Q0153: {""cohort"": ""GSE302495""}; TSV line 3; field=n_random_ge_AF35 | Q0154: {""cohort"": ""GSE302495""}; TSV line 3; field=program_n"	ERP117672; GSE302495	COMPLETE
Results	R17 Comparator-dependent models showed that the AF35 association was partly shared with broader immune p	5G,5H,5I	Comparator-dependent models showed that the AF35 association was partly shared with broader immune programs, with the strongest dependence on cytotoxicity in ERP117672 (figure 5G,H). In the non-ICI GSE104580 TACE cohort, AF35 remained positive in unadjusted and broad-immune-residual contrasts while PTPN22 was weak or null (figure 5I). Together, these results place AF35 within a broader immune-engaged treatment state rather than an ICI-exclusive response signal. Comparison with the reconstructable published 20-gene interferon-stimulated program showed partial molecular overlap and a positive but uncertain conditional AF35 direction (online supplemental figure S15; online supplemental table S14).	derived_data/publication_source_tables/S11_07.tsv | derived_data/publication_source_tables/S11_08.tsv | derived_data/publication_source_tables/S11_11.tsv | derived_data/publication_source_tables/S11_12.tsv | derived_data/publication_source_tables/S14_01.tsv | derived_data/publication_source_tables/S14_02.tsv | derived_data/publication_source_tables/S14_03.tsv	Exact panel-specific rows; see MAIN_FIGURE_PANEL_PROVENANCE.tsv and ADDITIONAL_CLAIM_CHECKS.tsv	ERP117672; GSE302495 | GSE104580	COMPLETE
