relative_path	file_type	role	size_bytes	sha256	public_status
.gitignore	text	Metadata, documentation, definition or audit	330	2e10eab296cb2b9dfa94e738cf1b4d3d45075d43f1588a6c62b687804d11ef59	SANITIZED_CANDIDATE_NOT_RELEASED
CHANGELOG.md	md	Metadata, documentation, definition or audit	466	f1c96d2b34d09b04472c1d65e04c36d3ec9462e2146799215c317ba318006159	SANITIZED_CANDIDATE_NOT_RELEASED
CITATION.cff	cff	Metadata, documentation, definition or audit	1146	1be869737268e92c61b8f7fc7e5a2cd342d3e140a65b083ffbc17859dce7472c	SANITIZED_CANDIDATE_NOT_RELEASED
config/AF35_genes.txt	txt	Metadata, documentation, definition or audit	187	f77262b6aee757fdacdb240eef4c5e820f92ecdfb087dfc354e5dee5f96c1835	SANITIZED_CANDIDATE_NOT_RELEASED
config/analysis_parameters/AF35_PLATFORM_SPECIFICATION.tsv	tsv	Metadata, documentation, definition or audit	1602	56873533c56f066fdd9e24fc0bfa53e0603afee00e1cac32b7e9347aa5f5517f	SANITIZED_CANDIDATE_NOT_RELEASED
config/analysis_parameters/README.md	md	Metadata, documentation, definition or audit	315	165b4c99fcbc6fcdb7453e9711e81e48fe8d6179bc9efa5bd98728a5418f293e	SANITIZED_CANDIDATE_NOT_RELEASED
config/program_definitions/PHASE3_PTPN22_SPECIFICITY_COMPARATOR_PROGRAMS.tsv	tsv	Metadata, documentation, definition or audit	13912	9e27aa34b015d5f79a430bce3398096bdbcfd5512a6af21063ca0d2285e7b1a9	SANITIZED_CANDIDATE_NOT_RELEASED
config/program_definitions/PTPN22_MECHANISM_PROGRAMS_FROZEN.tsv	tsv	Metadata, documentation, definition or audit	21157	951d98e4935b0f6d0776e1bda18ed9cbb5f1fd55be2707431f6d5cf460e8b177	SANITIZED_CANDIDATE_NOT_RELEASED
data/DOWNLOAD_INSTRUCTIONS.md	md	Metadata, documentation, definition or audit	1464	a090ea1506853f2182b61417fad81ea03ba932a4004d5ff8c34972769adec187	SANITIZED_CANDIDATE_NOT_RELEASED
data/README.md	md	Metadata, documentation, definition or audit	296	bd8c64345406450ec9315229171e5559de72fb767e35d17ad90bf54f057f456f	SANITIZED_CANDIDATE_NOT_RELEASED
data/SOURCE_DATA_MANIFEST.tsv	tsv	Metadata, documentation, definition or audit	9312	7e036538b593942c7048ce158fb35eb4152493f89d070bb246ee5d16baec8b31	SANITIZED_CANDIDATE_NOT_RELEASED
derived_data/checksums/README.md	md	Metadata, documentation, definition or audit	168	82c488a66c69914665d944555f0c987b1b05fd061272e5f7963089ebabf32efa	SANITIZED_CANDIDATE_NOT_RELEASED
derived_data/manifests/SOURCE_TABLE_BINDINGS.tsv	tsv	Metadata, documentation, definition or audit	13014	eb2151ccd7c811de861b1995eb3b1cc7ea908cea02b16c2151fb61dec586ec12	SANITIZED_CANDIDATE_NOT_RELEASED
derived_data/publication_source_tables/S02_01.tsv	tsv	Frozen aggregate result	266	23f270764398e386333e48fa1c13d00a5847b2758a8eb67a5d23a21fa2b8f482	SANITIZED_CANDIDATE_NOT_RELEASED
derived_data/publication_source_tables/S02_02.tsv	tsv	Frozen aggregate result	2831	d49d75abcfe4f767ee9bfa41662ab4c5c215ea44361bef383fccfcfdc29e9665	SANITIZED_CANDIDATE_NOT_RELEASED
derived_data/publication_source_tables/S03_04.tsv	tsv	Frozen aggregate result	1605	9e98004533cc0e15b33ee3dae27bb8012a9ec6e497c0117f1a027ff10fc31bc1	SANITIZED_CANDIDATE_NOT_RELEASED
derived_data/publication_source_tables/S04_01.tsv	tsv	Frozen aggregate result	156	a13bfceda3810336264e00d65c9de6293da5278dc2da66b4acd0209fcf3e5f1c	SANITIZED_CANDIDATE_NOT_RELEASED
derived_data/publication_source_tables/S04_02.tsv	tsv	Frozen aggregate result	18666	88948509703a0411c09cea6fb649c647c4f984058ac2080c36118b1b9f499c0c	SANITIZED_CANDIDATE_NOT_RELEASED
derived_data/publication_source_tables/S04_03.tsv	tsv	Frozen aggregate result	18666	88948509703a0411c09cea6fb649c647c4f984058ac2080c36118b1b9f499c0c	SANITIZED_CANDIDATE_NOT_RELEASED
derived_data/publication_source_tables/S04_04.tsv	tsv	Frozen aggregate result	52609	7d676631ace7cdb5cb41aecabce322fb9ec379a08977d1b47609dd02d01f28fe	SANITIZED_CANDIDATE_NOT_RELEASED
derived_data/publication_source_tables/S04_05.tsv	tsv	Frozen aggregate result	332	0bacb255224420a2b67526706ba5d97e479c5d203069adb851fd7ddf1d3782b7	SANITIZED_CANDIDATE_NOT_RELEASED
derived_data/publication_source_tables/S05_01.tsv	tsv	Frozen aggregate result	7497	3d9f69e9eb478e7d45f8d77705454f3f2ab845b64b7db40b172f571dcf7fe2ba	SANITIZED_CANDIDATE_NOT_RELEASED
derived_data/publication_source_tables/S05_02.tsv	tsv	Frozen aggregate result	986	1de87511d871048adf22c5a51d8ccae7a127966270d8fee9bcb02836ff496f04	SANITIZED_CANDIDATE_NOT_RELEASED
derived_data/publication_source_tables/S05_03.tsv	tsv	Frozen aggregate result	757	df732e05ed546703ef90a70c13a27143d1668978572f912ab2934f340a6f4efe	SANITIZED_CANDIDATE_NOT_RELEASED
derived_data/publication_source_tables/S05_07.tsv	tsv	Frozen aggregate result	561	280cdb57b09e90402e079da5419f68afd023660948d3e8c9a7d1f0ce31a735d7	SANITIZED_CANDIDATE_NOT_RELEASED
derived_data/publication_source_tables/S05_11.tsv	tsv	Frozen aggregate result	1600	d715805c4e44f396b043a9ae4358bcf09abba760718151e5e73dd018627454b4	SANITIZED_CANDIDATE_NOT_RELEASED
derived_data/publication_source_tables/S05_13.tsv	tsv	Frozen aggregate result	16533	111f8f2bf943357b24e276a33bf455a3c684b61f7ee195d2b411801ecbb6af1e	SANITIZED_CANDIDATE_NOT_RELEASED
derived_data/publication_source_tables/S05_15.tsv	tsv	Frozen aggregate result	3294	70f0aacf270f8e1f751fc236981e8e629483a2b339ad6075cb92fd5b0c11e7c7	SANITIZED_CANDIDATE_NOT_RELEASED
derived_data/publication_source_tables/S06_01.tsv	tsv	Frozen aggregate result	16130	c21800a66b784d2841e31bf5f84e4f7072f6319f7e4f6b4445091a448043a441	SANITIZED_CANDIDATE_NOT_RELEASED
derived_data/publication_source_tables/S06_02.tsv	tsv	Frozen aggregate result	1542	1e0714ee7a88ef9eecd64db88650ddc77b215b211eefec527c263cdaca8d2087	SANITIZED_CANDIDATE_NOT_RELEASED
derived_data/publication_source_tables/S06_03.tsv	tsv	Frozen aggregate result	1898	501a5189e5f7513c0dc1b0e90be01bf290b3bc798260b5dc71aead3bee25e67c	SANITIZED_CANDIDATE_NOT_RELEASED
derived_data/publication_source_tables/S06_04.tsv	tsv	Frozen aggregate result	1499	df5487be52f020825a3944665f8272fec82fd9397b4a84ba2834caf06d6d0e63	SANITIZED_CANDIDATE_NOT_RELEASED
derived_data/publication_source_tables/S06_05.tsv	tsv	Frozen aggregate result	513	38dc61ca9eed6be00ceda3257185448b0e656fc053f10291b53f20e8bbd73cf2	SANITIZED_CANDIDATE_NOT_RELEASED
derived_data/publication_source_tables/S06_06.tsv	tsv	Frozen aggregate result	21264	a451d51c17fbafd7b9b36151e684eb0e877ac7888f7eab1924c375e823abd817	SANITIZED_CANDIDATE_NOT_RELEASED
derived_data/publication_source_tables/S06_07.tsv	tsv	Frozen aggregate result	1624	7cdc9aff19713c3d5d3bbfd6df5edba360d69a55dfc8d219041140c67e9998db	SANITIZED_CANDIDATE_NOT_RELEASED
derived_data/publication_source_tables/S06_08.tsv	tsv	Frozen aggregate result	404430	0690c5a105b8352680ee595fc9469d220a4d673998fd211a82665dbcf1e7235d	SANITIZED_CANDIDATE_NOT_RELEASED
derived_data/publication_source_tables/S09_05.tsv	tsv	Frozen aggregate result	400	25d1d5e4078a83b70727a6fb244521f2f250e956ffc22097aa777704c7369cdd	SANITIZED_CANDIDATE_NOT_RELEASED
derived_data/publication_source_tables/S10_01.tsv	tsv	Frozen aggregate result	4316	fe68342ad062b591938ab619ba2f48f972ad10a87e5436b8608d9606f6aea767	SANITIZED_CANDIDATE_NOT_RELEASED
derived_data/publication_source_tables/S10_03.tsv	tsv	Frozen aggregate result	3359	4461806318324b217e07a36c7a15b7b9f2a2650f34046542c839cad4bf0d4071	SANITIZED_CANDIDATE_NOT_RELEASED
derived_data/publication_source_tables/S10_04.tsv	tsv	Frozen aggregate result	465	a3523750d6ede33f967f75ddb6bc4a051e675e199665f48ee1001fb366523b2e	SANITIZED_CANDIDATE_NOT_RELEASED
derived_data/publication_source_tables/S11_03.tsv	tsv	Frozen aggregate result	1460	ff8be9686eb0e151b1e820f9dfc05c557302b985471c2bcdb7e97dcb58aeff7e	SANITIZED_CANDIDATE_NOT_RELEASED
derived_data/publication_source_tables/S11_04.tsv	tsv	Frozen aggregate result	1410	a234eb40472e605fc899afc476f6bace69371ce88db9dd80ef65846dbadf4845	SANITIZED_CANDIDATE_NOT_RELEASED
derived_data/publication_source_tables/S11_07.tsv	tsv	Frozen aggregate result	402	48c9fcbb1d0bd6289958a9d1183fc1d945b5327f92686d1889f456ef3b4c13ba	SANITIZED_CANDIDATE_NOT_RELEASED
derived_data/publication_source_tables/S11_08.tsv	tsv	Frozen aggregate result	429	c51fa59d241776ba383795be09665baeff6c0d79db0f6a82cca5ef8038f9d36a	SANITIZED_CANDIDATE_NOT_RELEASED
derived_data/publication_source_tables/S11_10.tsv	tsv	Frozen aggregate result	747	fcea3cfd53838afa10fe73df671494e5757d661eedf1060e50be5baba28adc0e	SANITIZED_CANDIDATE_NOT_RELEASED
derived_data/publication_source_tables/S11_11.tsv	tsv	Frozen aggregate result	5391	79cec6780fdd5b3d3ceea1ce2a073cd7480ba5460091adb9b5447cc89003a69b	SANITIZED_CANDIDATE_NOT_RELEASED
derived_data/publication_source_tables/S11_12.tsv	tsv	Frozen aggregate result	2039	e479f679c658a23307fe1edde5298fc29f4f31630281110973a257fb11919cf1	SANITIZED_CANDIDATE_NOT_RELEASED
derived_data/publication_source_tables/S12_01.tsv	tsv	Frozen aggregate result	11540	3e6a84f408c5e3f42c4386f3172ad0fc80d02387dd0e84291b18f24e23bcf8df	SANITIZED_CANDIDATE_NOT_RELEASED
derived_data/publication_source_tables/S12_02.tsv	tsv	Frozen aggregate result	1761856	a9be0632be1ea39c19b2e3826858c3bb785d81bc7bafc3afeec76dda06320dea	SANITIZED_CANDIDATE_NOT_RELEASED
derived_data/publication_source_tables/S12_03.tsv	tsv	Frozen aggregate result	1727	feb9e5ea8b7254f3ff8a1538005d900a2be4e827baa41d5824e781fce6da61e4	SANITIZED_CANDIDATE_NOT_RELEASED
derived_data/publication_source_tables/S13_02.tsv	tsv	Frozen aggregate result	199508	ad210120deff2f6567825e90688ade7ef37971c7d22327ea5213601176f0a631	SANITIZED_CANDIDATE_NOT_RELEASED
derived_data/publication_source_tables/S13_03.tsv	tsv	Frozen aggregate result	538	633c059412341e4a2ebda8e3d3ac9ebe3d1ca09db7520e0919a0c3a42cb71117	SANITIZED_CANDIDATE_NOT_RELEASED
derived_data/publication_source_tables/S13_04.tsv	tsv	Frozen aggregate result	236058	61e46155c1ac04c0b44fea541ac4a304e240e30677a9a2058128efd9d2331da4	SANITIZED_CANDIDATE_NOT_RELEASED
derived_data/publication_source_tables/S14_01.tsv	tsv	Frozen aggregate result	688	5cb684d8849355ca01b95792a2c934781e4b7d9c93eec4b8b53794114ba15b98	SANITIZED_CANDIDATE_NOT_RELEASED
derived_data/publication_source_tables/S14_02.tsv	tsv	Frozen aggregate result	1092	677e10da928c33d64e9111182cccd7b8982447f5021c11dc64ee59021238f9f2	SANITIZED_CANDIDATE_NOT_RELEASED
derived_data/publication_source_tables/S14_03.tsv	tsv	Frozen aggregate result	1560	0031c83a37bea203089c47e4f0e972baac9d37b73728fbd7d8872fe93a268c57	SANITIZED_CANDIDATE_NOT_RELEASED
derived_data/README.md	md	Metadata, documentation, definition or audit	468	36b15f9619cc58ab55d0b95c60c29529a4c697f912f291cecd317b69ce858a80	SANITIZED_CANDIDATE_NOT_RELEASED
docs/AF35_DEFINITION.md	md	Metadata, documentation, definition or audit	1042	8dea54694ac9a70f2f52e2c76bf6f7115a7dbe664bffc2ca2784dc885c28ab60	SANITIZED_CANDIDATE_NOT_RELEASED
docs/AF35_PROVENANCE.md	md	Metadata, documentation, definition or audit	1234	9381a0cca0bf0ca1959ef70779586209afa382623ed3c6aca6ee0e32bb718b64	SANITIZED_CANDIDATE_NOT_RELEASED
docs/ANALYSIS_ORDER.md	md	Metadata, documentation, definition or audit	1280	c745700f60db3f286083ef643238c9f477f567b35cf0860d15b9291f0d476b55	SANITIZED_CANDIDATE_NOT_RELEASED
docs/DATASETS.md	md	Metadata, documentation, definition or audit	735	0010c43695f0d3f5fbb981ea768457ee102e489f19602a5e8938d8acb960a60e	SANITIZED_CANDIDATE_NOT_RELEASED
docs/LIMITATIONS.md	md	Metadata, documentation, definition or audit	1529	4751c68ba67220a16c831ad597becbc8c206a4df6705176cfad9dc2ce8a094c4	SANITIZED_CANDIDATE_NOT_RELEASED
docs/PROJECT_OVERVIEW.md	md	Metadata, documentation, definition or audit	925	04411cfa98046eb2bb22b6a96b35f3c85fcbc32b17f96fe1a0b22e58b75386a1	SANITIZED_CANDIDATE_NOT_RELEASED
docs/REPRODUCIBILITY_NOTES.md	md	Metadata, documentation, definition or audit	3967	b5d7cde66862403de8c2c3f95be44afd513086a16e82138dbca8128d1f1fcda3	SANITIZED_CANDIDATE_NOT_RELEASED
environment/available_lockfiles/README.md	md	Metadata, documentation, definition or audit	235	c3567dd669d089aded28931c8b31b3d87a16c58466f2c851184c7effc701570f	SANITIZED_CANDIDATE_NOT_RELEASED
environment/Python_environment.txt	txt	Metadata, documentation, definition or audit	340	37655bc04cd8bfce7ef42dda8ecaef1a60675a827371e80cb192c4206106411a	SANITIZED_CANDIDATE_NOT_RELEASED
environment/R_environment.txt	txt	Metadata, documentation, definition or audit	386	18a97628cf6a858035190d3a0e77d80814de7b82a2eae1290d663265deb0dc85	SANITIZED_CANDIDATE_NOT_RELEASED
environment/RECORDED_ENVIRONMENT_SOURCES.tsv	tsv	Metadata, documentation, definition or audit	2487	b627dbd4e29826207ab1f3ad95ed80340dc7f74ca4a09071a9db2ef7c82c1aa5	SANITIZED_CANDIDATE_NOT_RELEASED
environment/RECORDED_R_PACKAGES.tsv	tsv	Metadata, documentation, definition or audit	237	6c3ef1811afc33ed685d0a6cfa4032414b1ebd0afdb82942da62446889e094a4	SANITIZED_CANDIDATE_NOT_RELEASED
environment/session_info/AF35_BROAD_IMMUNE_RESIDUAL_ASSOCIATION_v1_R_SESSION_INFO.txt	txt	Metadata, documentation, definition or audit	88	ac781fe91a41cc1c0c12850f7f3205ae11a42fe5afe14f6065895843d4db5ae8	SANITIZED_CANDIDATE_NOT_RELEASED
environment/session_info/AF35_CLINICAL_STATE_OCCUPANCY_DECOMPOSITION_v1_PYTHON_RUNTIME.json	json	Metadata, documentation, definition or audit	88	1869f5664a932d288d3fdcfa3e45b337b9b4d49bc0cbd969f1362ec3156f6ffb	SANITIZED_CANDIDATE_NOT_RELEASED
environment/session_info/AF35_CLINICAL_STATE_OCCUPANCY_DECOMPOSITION_v1_R_SESSION_INFO.txt	txt	Metadata, documentation, definition or audit	162	a682230b437033e3fd5bc54c0c3c728953df19d48d035663e6bbbb2f67c331b5	SANITIZED_CANDIDATE_NOT_RELEASED
environment/session_info/AF35_CLONOTYPE_NEUTRALIZED_STATE_OCCUPANCY_v1_PYTHON_RUNTIME.json	json	Metadata, documentation, definition or audit	88	1869f5664a932d288d3fdcfa3e45b337b9b4d49bc0cbd969f1362ec3156f6ffb	SANITIZED_CANDIDATE_NOT_RELEASED
environment/session_info/AF35_CLONOTYPE_NEUTRALIZED_STATE_OCCUPANCY_v1_R_SESSION_INFO.txt	txt	Metadata, documentation, definition or audit	162	a682230b437033e3fd5bc54c0c3c728953df19d48d035663e6bbbb2f67c331b5	SANITIZED_CANDIDATE_NOT_RELEASED
environment/session_info/AF35_LONGITUDINAL_CLONAL_STATE_DYNAMICS_M2_CLEANROOM_v1_R_PHASEB_SESSION_INFO.txt	txt	Metadata, documentation, definition or audit	117	35a9f6c7846c85c33639894838dbf8b2b24a262a452308b27bae6fafcc69ca87	SANITIZED_CANDIDATE_NOT_RELEASED
environment/session_info/AF35_RESPONSE_BLIND_PROGRAM_COHERENCE_v1_R_SESSION_INFO.txt	txt	Metadata, documentation, definition or audit	88	ac781fe91a41cc1c0c12850f7f3205ae11a42fe5afe14f6065895843d4db5ae8	SANITIZED_CANDIDATE_NOT_RELEASED
environment/session_info/PTPN22_AF35_PROGRAM_PERTURBATION_PROJECTION_v1_R_SESSION_INFO.txt	txt	Metadata, documentation, definition or audit	117	35a9f6c7846c85c33639894838dbf8b2b24a262a452308b27bae6fafcc69ca87	SANITIZED_CANDIDATE_NOT_RELEASED
environment/session_info/WU_AF35_DC_CD8_SPATIAL_TOPOLOGY_v1_PYTHON_SESSION_INFO.json	json	Metadata, documentation, definition or audit	67	78d85574ed48f5852ae1fcb32f897cf50db898793d06e34bd32c36506bbfa30b	SANITIZED_CANDIDATE_NOT_RELEASED
environment/session_info/WU_AF35_DC_CD8_SPATIAL_TOPOLOGY_v1_R_SESSION_INFO.txt	txt	Metadata, documentation, definition or audit	133	af5540741d13613af13ca4f860df5115b4fc6f2b298f96795a424b94475b0d02	SANITIZED_CANDIDATE_NOT_RELEASED
environment/session_info/WU_AF35_SPATIAL_CELLULAR_MICROENV_CONTEXT_v1_PYTHON_SESSION_INFO.json	json	Metadata, documentation, definition or audit	67	78d85574ed48f5852ae1fcb32f897cf50db898793d06e34bd32c36506bbfa30b	SANITIZED_CANDIDATE_NOT_RELEASED
environment/session_info/WU_AF35_SPATIAL_CELLULAR_MICROENV_CONTEXT_v1_R_SESSION_INFO.txt	txt	Metadata, documentation, definition or audit	283	ed085487d9361a3cb14c8c729ae5b07e48a77e85e9c7611640e1d72c6f91dc78	SANITIZED_CANDIDATE_NOT_RELEASED
figures/README.md	md	Metadata, documentation, definition or audit	405	e64f089fdb7e3979906d66118141a4ba9bb7cf8a9aa3cd2fb04f7feccf8c0421	SANITIZED_CANDIDATE_NOT_RELEASED
LICENSE	text	Metadata, documentation, definition or audit	1085	5c5832fc65eeb1b1250161525eb4b838bc6c6bdd00981cc5586cf1088ea2a093	SANITIZED_CANDIDATE_NOT_RELEASED
LOCAL_PATH_SANITIZATION_AUDIT.tsv	tsv	Metadata, documentation, definition or audit	17961	83d16e3e59e1e41ad221615cf0606e2dbaca9d35c36bd8d350a298129c521e80	SANITIZED_CANDIDATE_NOT_RELEASED
provenance/AF35_ORIGIN_SUMMARY.md	md	Metadata, documentation, definition or audit	616	fb3b6da917f3fbd3f8728647d3ad65b75e3ad9ab8dd18cc1611714ab75c1c3fc	SANITIZED_CANDIDATE_NOT_RELEASED
provenance/AF35_ORIGIN_TIMELINE.tsv	tsv	Metadata, documentation, definition or audit	1450	bf4f5ea50404d80f1f1bb3b48e4dd86696e8d249c66c351d173ce47a9f5e6588	SANITIZED_CANDIDATE_NOT_RELEASED
provenance/CITATION_VALIDATION.md	md	Metadata, documentation, definition or audit	475	6357b383c1a9c66272f38164d445a63b801a4035d6dd6e291ce8b87297d40722	SANITIZED_CANDIDATE_NOT_RELEASED
provenance/CURRENT_ANALYSIS_ENTRYPOINTS.tsv	tsv	Metadata, documentation, definition or audit	58866	586030eb8becd6fac11aebd20f56dcaf2985d29dfc0a6799f4eb10b85147b170	SANITIZED_CANDIDATE_NOT_RELEASED
provenance/DIRECT_IO_CONTRACT.tsv	tsv	Metadata, documentation, definition or audit	145333	6adf476f420996b9e0f147264c0328c6a6f2e773fdca7a80bd39be92936a0257	SANITIZED_CANDIDATE_NOT_RELEASED
provenance/EXECUTION_GAPS.tsv	tsv	Metadata, documentation, definition or audit	3719	e522a5d45a47c15b686dfc022fbc241fddbdc7241071b5c006c3851d906cc3d4	SANITIZED_CANDIDATE_NOT_RELEASED
provenance/PROTECTED_SCIENTIFIC_FILES.tsv	tsv	Metadata, documentation, definition or audit	1899	de4426085fa6832b4a1c8e2de791ebcc0a3dcf1391aa63b3b7b2b6b88980fa71	SANITIZED_CANDIDATE_NOT_RELEASED
provenance/PYTHON_STATIC_QC.tsv	tsv	Metadata, documentation, definition or audit	4471	d30f4274d71e8533c665eae190163f8bae7ed18cb6fd9c54d165dbee4e89f626	SANITIZED_CANDIDATE_NOT_RELEASED
provenance/R_STATIC_QC.tsv	tsv	Metadata, documentation, definition or audit	2133	2956c6999ca5ed21c15be5727354f284799a280e4717f468e4af4931fa25f459	SANITIZED_CANDIDATE_NOT_RELEASED
provenance/SCIENTIFIC_AUTHORITY.tsv	tsv	Metadata, documentation, definition or audit	547	1e36e6fbcb5da96668ae04a8b0ed45bd7f7b7f19fbd243cd79b028dce3c7b5e4	SANITIZED_CANDIDATE_NOT_RELEASED
provenance/SCRIPT_CLASSIFICATION.tsv	tsv	Metadata, documentation, definition or audit	11517	e68219c9f7d073ff7618f0a5fcf66a48a1dad285d56ff05041214d27a6065c4f	SANITIZED_CANDIDATE_NOT_RELEASED
provenance/SCRIPT_FILE_REFERENCES.tsv	tsv	Metadata, documentation, definition or audit	184368	3c57c69993f4754da954bf07a8917560b9455e5470a00af145de0894a629c473	SANITIZED_CANDIDATE_NOT_RELEASED
provenance/SCRIPT_SOURCE_BINDINGS.tsv	tsv	Metadata, documentation, definition or audit	18062	870a48694bbd759cdd7665904f1dc06701e058e94275c94fdfc4b057f2144c24	SANITIZED_CANDIDATE_NOT_RELEASED
PUBLIC_RELEASE_SECURITY_AUDIT.tsv	tsv	Metadata, documentation, definition or audit	100822	8f4636c6ea7b518fd50d1bf54cd51aa133a02946b728170619fbd1e2d170c2ee	SANITIZED_CANDIDATE_NOT_RELEASED
PUBLIC_REPOSITORY_RELEASE_GATE.md	md	Metadata, documentation, definition or audit	3397	f43f6c29c6b7e9bfd65359049ade979462fa95e67cde92eb66a6aff2b955f9ec	SANITIZED_CANDIDATE_NOT_RELEASED
README.md	md	Metadata, documentation, definition or audit	6045	73835a2178872470f990b674ac643fae334ee0636e4b32c19427b6472b290a4e	SANITIZED_CANDIDATE_NOT_RELEASED
release/AUDIT_SUMMARY.json	json	Metadata, documentation, definition or audit	663	2beac8df2108d4b36c79cdd80891ac227eb215046f8cf969b90b2a00b1d54ba6	SANITIZED_CANDIDATE_NOT_RELEASED
release/EXCLUDED_FILES.tsv	tsv	Metadata, documentation, definition or audit	13034	78a858e2a0d9595b11178374e663c218d1e747bd084a0a758fd3e11cc073a45e	SANITIZED_CANDIDATE_NOT_RELEASED
release/GIT_PREPARATION.md	md	Metadata, documentation, definition or audit	652	d847798c0beda84f4394b911a89c7e98d8ff16ad9fc53a170a1f1992aac0a9eb	SANITIZED_CANDIDATE_NOT_RELEASED
release/RELEASE_NOTES_v1.0.0.md	md	Metadata, documentation, definition or audit	907	0d7adce7ee760d47e1c3230b54575577f0324609862657b49329d9eebec65e72	SANITIZED_CANDIDATE_NOT_RELEASED
REPRODUCIBILITY_README_AUDIT.tsv	tsv	Metadata, documentation, definition or audit	12081	d72d7c99baf6642afe12aa7050ca8f2f50a5cf41dc93265205c6beed7a640048	SANITIZED_CANDIDATE_NOT_RELEASED
scripts/01_anchor_selection/HCC_ICI_project/04_scripts/04_target_ranking/01_finalize_target_evidence.R	R	Original analysis source (path-sanitized)	9021	cbd47727a7af09e4776546bfe8003a479debce64ec6d3ab91bc8cebbc6d6b884	SANITIZED_CANDIDATE_NOT_RELEASED
scripts/02_state_architecture/HCC_ICI_project/04_scripts/config.R	R	Original analysis source (path-sanitized)	1247	7534a3da4b5a32ff1529c81cd859d7b8d39f1733fe6a66100017e2e1a0b3a64c	SANITIZED_CANDIDATE_NOT_RELEASED
scripts/02_state_architecture/HCC_ICI_project/04_scripts/phase2/07_functional_program_GSE206325.R	R	Original analysis source (path-sanitized)	6858	04bf16a79374af34640e2b9581c8b2bfaa80868e1d5a10c4adcd546d45983ef9	SANITIZED_CANDIDATE_NOT_RELEASED
scripts/02_state_architecture/PTPN22_AF35_COUPLING_ARCHITECTURE_v1/scripts/01_source_audit.py	py	Original analysis source (path-sanitized)	7916	d780d871ff87a2589ee47ad96aef74d7f43935d66dfacdca356acc91201a18a0	SANITIZED_CANDIDATE_NOT_RELEASED
scripts/02_state_architecture/PTPN22_AF35_COUPLING_ARCHITECTURE_v1/scripts/05_run_analysis.py	py	Original analysis source (path-sanitized)	12451	ba85a05d02e1f02b51a4fa9dbbbca95380f27cefa85d28b1030f2eed580241ed	SANITIZED_CANDIDATE_NOT_RELEASED
scripts/02_state_architecture/PTPN22_AF35_COUPLING_ARCHITECTURE_v1/scripts/coupling_math.py	py	Original analysis source (path-sanitized)	2018	1789d45ebad6f2ad042ed6f74349e127b059772a0f0385cd388e762525761575	SANITIZED_CANDIDATE_NOT_RELEASED
scripts/02_state_architecture/PTPN22_STATE_AXIS_SPECIFICITY_v1/scripts/00_reuse_sources.py	py	Original analysis source (path-sanitized)	3882	61748798acda72137a8fb35a9edde437cf8ad6204ec525113584b8c43b184946	SANITIZED_CANDIDATE_NOT_RELEASED
scripts/02_state_architecture/PTPN22_STATE_AXIS_SPECIFICITY_v1/scripts/02_analyze.py	py	Original analysis source (path-sanitized)	15606	4819636986a69d5e917b2d32db05db4da71b080dd06bb12845927a240aceb718	SANITIZED_CANDIDATE_NOT_RELEASED
scripts/02_state_architecture/PTPN22_STATE_AXIS_SPECIFICITY_v1/scripts/coupling_math.py	py	Original analysis source (path-sanitized)	2018	1789d45ebad6f2ad042ed6f74349e127b059772a0f0385cd388e762525761575	SANITIZED_CANDIDATE_NOT_RELEASED
scripts/03_AF35_measurement/AF35_AGGREGATION_COMPOSITION_DECOMPOSITION_v1/scripts/01_freeze.py	py	Original analysis source (path-sanitized)	14997	0cc3ac503b7e1c39b51a424c4124ae9e8a1571c4b7171bbb3ff8c21716225847	SANITIZED_CANDIDATE_NOT_RELEASED
scripts/03_AF35_measurement/AF35_AGGREGATION_COMPOSITION_DECOMPOSITION_v1/scripts/common.py	py	Original analysis source (path-sanitized)	1599	79b53526e23ad9c0445e5b71c54d33ef111176508125eb94cf2c403ce134f5a7	SANITIZED_CANDIDATE_NOT_RELEASED
scripts/03_AF35_measurement/AF35_FUNCTIONAL_ROLE_STATE_ARCHITECTURE_v1/scripts/00_initialize.py	py	Original analysis source (path-sanitized)	4273	87f8985cbf013bab197fc9c607d2ac057e937c2f21407eb78ac567c0a1110cc4	SANITIZED_CANDIDATE_NOT_RELEASED
scripts/03_AF35_measurement/AF35_FUNCTIONAL_ROLE_STATE_ARCHITECTURE_v1/scripts/03_molecular_and_state.py	py	Original analysis source (path-sanitized)	9817	5313c81e2f43ed9bef7fba89d4c70c827f6a047550708b8c00d7a78a87859493	SANITIZED_CANDIDATE_NOT_RELEASED
scripts/03_AF35_measurement/AF35_RESPONSE_BLIND_PROGRAM_COHERENCE_v1/scripts/00_initialize.py	py	Original analysis source (path-sanitized)	5068	de42473cd52383c7d9788d251d01db13f34a815b09b846a3a1e59b2e28bf6b81	SANITIZED_CANDIDATE_NOT_RELEASED
scripts/03_AF35_measurement/AF35_RESPONSE_BLIND_PROGRAM_COHERENCE_v1/scripts/01_freeze_and_analyze.py	py	Original analysis source (path-sanitized)	12536	498675b944866f11ea6432b45e059feffbb78ba670d4f1173f043518a91d941b	SANITIZED_CANDIDATE_NOT_RELEASED
scripts/04_clonotype/AF35_CLONOTYPE_NEUTRALIZED_STATE_OCCUPANCY_v1/scripts/common.py	py	Original analysis source (path-sanitized)	4022	32bf565f22f90f5b09debb7d19ea9ae74e6e03c581201485cd68e9c677bdf684	SANITIZED_CANDIDATE_NOT_RELEASED
scripts/04_clonotype/AF35_LONGITUDINAL_CLONAL_STATE_DYNAMICS_M2_CLEANROOM_v1/scripts/03_phaseA_molecular.py	py	Original analysis source (path-sanitized)	7751	be7201f3ca738d5e3231aceb8a2d6d2d25cc79b9e2c96e67808f1956ba68f8a0	SANITIZED_CANDIDATE_NOT_RELEASED
scripts/04_clonotype/AF35_LONGITUDINAL_CLONAL_STATE_DYNAMICS_M2_CLEANROOM_v1/scripts/07_phaseB_verify.R	R	Original analysis source (path-sanitized)	6272	dc919620ce34f3594075e663befaff79555cf66678ffc68a41ebef0c7b93b3ef	SANITIZED_CANDIDATE_NOT_RELEASED
scripts/04_clonotype/AF35_LONGITUDINAL_CLONAL_STATE_DYNAMICS_M2_CLEANROOM_v1/scripts/common.py	py	Original analysis source (path-sanitized)	3016	2e7395a9fb4a7d87fe15167f2ab0b62ecb619a0c0c247b562542443e03f59e98	SANITIZED_CANDIDATE_NOT_RELEASED
scripts/04_clonotype/GSE235863_CLONE_STATE_DECOMPOSITION_v1/authority/04_scripts/phase19/02_phase19a_patient_analysis.py	py	Original analysis source (path-sanitized)	21660	6a3afb8038e2456767db6499a5f700d19dc8a9f6cc7d4d26bb4b36647f801ec1	SANITIZED_CANDIDATE_NOT_RELEASED
scripts/04_clonotype/GSE235863_CLONE_STATE_DECOMPOSITION_v1/scripts/01_authority.py	py	Original analysis source (path-sanitized)	8966	6f05d1ba21b0e386bbb4ab9ecb2fd4cf9c9cb14801ba6150105dba9f7bb9c6de	SANITIZED_CANDIDATE_NOT_RELEASED
scripts/04_clonotype/GSE235863_CLONE_STATE_DECOMPOSITION_v1/scripts/02_analyze.py	py	Original analysis source (path-sanitized)	23372	740645425529abdf1ba0f18fdca5c4a16dbe214db8a74d04c95155e325cdb949	SANITIZED_CANDIDATE_NOT_RELEASED
scripts/04_clonotype/HCC_ICI_project/04_scripts/final_harmonization/01_meta_clone_compartment.R	R	Original analysis source (path-sanitized)	21109	dfb0657f69e73597197e2090c53adf6695375170bcfb918db6e92620491f169e	SANITIZED_CANDIDATE_NOT_RELEASED
scripts/04_clonotype/HCC_ICI_project/04_scripts/phase3/03_independent_scrna_sctcr_clone_state.R	R	Original analysis source (path-sanitized)	22118	98fafffb52ad7e54093fa44ab0e53c9f7caa8135ca1de2a4345526e06b21cb7b	SANITIZED_CANDIDATE_NOT_RELEASED
scripts/04_clonotype/HCC_ICI_project/04_scripts/phase_temporal/01_gse235863_baseline_future_clone_fate.R	R	Original analysis source (path-sanitized)	44915	f907c81ed6c30de3da6811f450aea587dc23e8c37b7ed5f6febfe8397ba34af5	SANITIZED_CANDIDATE_NOT_RELEASED
scripts/05_spatial/HCC_FINAL_AI_REVIEW_CORRECTION_20260921_V1/audit/wu_bounded_sensitivity.R	R	Original analysis source (path-sanitized)	4374	38db4cac79e4274243c9f49e47daf98365587116d086e76d2fc88e9f020f4672	SANITIZED_CANDIDATE_NOT_RELEASED
scripts/05_spatial/HCC_ICI_BIOLOGICAL_RESOLUTION_BR1_v1/scripts/module_d_prepare_spatial_tables.R	R	Original analysis source (path-sanitized)	10609	c2ef6b09c65b46a62fb5a28e5e04d2e689e14fc711fbf4516e31c580ed5d8799	SANITIZED_CANDIDATE_NOT_RELEASED
scripts/05_spatial/HCC_ICI_project/04_scripts/spatial_specificity_rescue/01_spatial_specificity_rescue.R	R	Original analysis source (path-sanitized)	47141	20e699316ab29b097b3cdfce78fac2a95bfe41c57946cbfb31dddc06308497f4	SANITIZED_CANDIDATE_NOT_RELEASED
scripts/05_spatial/WU_AF35_DC_CD8_SPATIAL_TOPOLOGY_v1/scripts/00_feasibility_freeze.py	py	Original analysis source (path-sanitized)	11886	31362c4fc733189c9988c43a7d99134e78a6db07dc0a478d5f10eb1d67246247	SANITIZED_CANDIDATE_NOT_RELEASED
scripts/05_spatial/WU_AF35_DC_CD8_SPATIAL_TOPOLOGY_v1/scripts/01_topology.py	py	Original analysis source (path-sanitized)	7959	2ae00ffd681479d85adf7cc256c6f4385c615cf42434cc9464b9e491dcb560d7	SANITIZED_CANDIDATE_NOT_RELEASED
scripts/05_spatial/WU_AF35_DC_CD8_SPATIAL_TOPOLOGY_v1/scripts/common.py	py	Original analysis source (path-sanitized)	1059	278d8f7c8905cdc9e9fb1d1862508bec4975a70473eb033c745df144e39afbce	SANITIZED_CANDIDATE_NOT_RELEASED
scripts/06_clinical/AF35_AGGREGATION_COMPOSITION_DECOMPOSITION_v1/scripts/02_clinical_utf8.py	py	Original analysis source (path-sanitized)	6520	374e9a819b42ac4f35dd83e38aa77640d0f2753ab7ee9fb7430d75e86a64b0c6	SANITIZED_CANDIDATE_NOT_RELEASED
scripts/06_clinical/AF35_BROAD_IMMUNE_RESIDUAL_ASSOCIATION_v1/scripts/00_initialize.py	py	Original analysis source (path-sanitized)	5068	de42473cd52383c7d9788d251d01db13f34a815b09b846a3a1e59b2e28bf6b81	SANITIZED_CANDIDATE_NOT_RELEASED
scripts/06_clinical/AF35_BROAD_IMMUNE_RESIDUAL_ASSOCIATION_v1/scripts/03_join_and_analyze.py	py	Original analysis source (path-sanitized)	5788	04ba04e380b14da575493a8eb086c2f9ae3281c6045108e044268d9d72ac82a1	SANITIZED_CANDIDATE_NOT_RELEASED
scripts/06_clinical/AF35_CLINICAL_STATE_OCCUPANCY_DECOMPOSITION_v1/scripts/02_join.py	py	Original analysis source (path-sanitized)	3321	55e2e29de46935f6278cee0c252c01eff8565c497568a191e4b8560ce2320f16	SANITIZED_CANDIDATE_NOT_RELEASED
scripts/06_clinical/AF35_CLINICAL_STATE_OCCUPANCY_DECOMPOSITION_v1/scripts/03_clinical.py	py	Original analysis source (path-sanitized)	7296	50f887760f70592c0e67d8fa7a20621026d87284c2a451b40ffc6fb3006d1086	SANITIZED_CANDIDATE_NOT_RELEASED
scripts/06_clinical/AF35_CLINICAL_STATE_OCCUPANCY_DECOMPOSITION_v1/scripts/common.py	py	Original analysis source (path-sanitized)	3427	39cd44b0b3e3e9d6b7f671de36a682120c5965e0eb71d18c6a43be9abb8517f0	SANITIZED_CANDIDATE_NOT_RELEASED
scripts/06_clinical/AF35_CLONOTYPE_NEUTRALIZED_STATE_OCCUPANCY_v1/scripts/02_clinical.py	py	Original analysis source (path-sanitized)	9904	353732d8a4db64b59a42497a388b8fb754e3fb7ee193be99a3de2a366c0c93f2	SANITIZED_CANDIDATE_NOT_RELEASED
scripts/06_clinical/AF35_COMPONENT_ABLATION_ASSOCIATION_ROBUSTNESS_v1/01_freeze.py	py	Original analysis source (path-sanitized)	10278	95949958f90c7f6299565d982a7e4370cf0a9e8b843db7f1cb1556d789c4de27	SANITIZED_CANDIDATE_NOT_RELEASED
scripts/06_clinical/AF35_COMPONENT_ABLATION_ASSOCIATION_ROBUSTNESS_v1/05_analyze.py	py	Original analysis source (path-sanitized)	5825	af73deddd131816a8969724dd3c4ba332f54c33b834ee9fc2cd14d179d2ffc93	SANITIZED_CANDIDATE_NOT_RELEASED
scripts/06_clinical/AF35_LONGITUDINAL_CLONAL_STATE_DYNAMICS_M2_CLEANROOM_v1/scripts/06_phaseB_clinical.py	py	Original analysis source (path-sanitized)	8465	71ab5162966df802d8a38f0a4d5d78002bcaea7c31cfdc74f41bbb38c1bedf62	SANITIZED_CANDIDATE_NOT_RELEASED
scripts/06_clinical/AF35_MATCHED_RANDOM_CLINICAL_NULL_v1/02_freeze_matched_programs.py	py	Original analysis source (path-sanitized)	6737	9faea93ce3f73b985cdbec51815dd2a320928a23c60095e98eebd6264f8b2e7d	SANITIZED_CANDIDATE_NOT_RELEASED
scripts/06_clinical/AF35_MATCHED_RANDOM_CLINICAL_NULL_v1/03_score_and_join.R	R	Original analysis source (path-sanitized)	5525	2a899375a9c806c4d9658b5060c20bf36e425e0379c7dfd0eda03f3adb284aed	SANITIZED_CANDIDATE_NOT_RELEASED
scripts/06_clinical/AF35_MATCHED_RANDOM_CLINICAL_NULL_v1/04_summarize_and_verify.py	py	Original analysis source (path-sanitized)	5945	b9284fdd1be2aa73306d87a1fca59b110613e1dfff4f26d46360f972c3eacf5a	SANITIZED_CANDIDATE_NOT_RELEASED
scripts/06_clinical/CLINICAL_ANCHOR_READOUT_DECOMPOSITION_v1/scripts/03_paired_and_firth.R	R	Original analysis source (path-sanitized)	8155	e2b68e6acc29ff5dc1973dd3193f22c41f8bf14b3d95a8bb83fec1857f02373c	SANITIZED_CANDIDATE_NOT_RELEASED
scripts/06_clinical/HCC_ICI_project/04_scripts/phase15b_public_replication/01_prepare_response_blind_inputs.R	R	Original analysis source (path-sanitized)	14310	1c4a7efbc0d4f5b6b29d0a59a82b5d494614ad6337c3c672c08313c79156e31b	SANITIZED_CANDIDATE_NOT_RELEASED
scripts/06_clinical/HCC_ICI_project/04_scripts/phase15b_public_replication/02_lock_outcome_maps.R	R	Original analysis source (path-sanitized)	4691	0ba6642d7adaaf536607884576fb2cac95321ae0a69de3044a6c0f7ea064e286	SANITIZED_CANDIDATE_NOT_RELEASED
scripts/06_clinical/HCC_ICI_project/04_scripts/phase15b_public_replication/03_analyze_public_replication.R	R	Original analysis source (path-sanitized)	21020	be862810051d8c5a664850bb7a8d25c91c3b3d525558455cf0e9ed744ed81d1c	SANITIZED_CANDIDATE_NOT_RELEASED
scripts/06_clinical/HCC_ICI_project/04_scripts/phase15c_public_benchmark/01_run_phase15c_benchmark.R	R	Original analysis source (path-sanitized)	28132	9ce42309422d10b40d6a203e8e490bcebb6d36e97584424e033fddd30cc323ad	SANITIZED_CANDIDATE_NOT_RELEASED
scripts/06_clinical/HCC_ICI_project/04_scripts/phase19/03_phase19b_response_blind_scoring.R	R	Original analysis source (path-sanitized)	21219	671fe5ba1ea44c4cc8415f5f980a42a6cdcb431ad7b741720f7d2fddb5ddf9ae	SANITIZED_CANDIDATE_NOT_RELEASED
scripts/06_clinical/HCC_ICI_project/04_scripts/phase19/04_phase19b_freeze_response_blind_tables.py	py	Original analysis source (path-sanitized)	4582	3261eacfc1660d7156f73fb522983d9e1ecaa6525657fb87ae9ce4322e659be2	SANITIZED_CANDIDATE_NOT_RELEASED
scripts/06_clinical/HCC_ICI_project/04_scripts/phase19/05_phase19b_outcome_analysis.R	R	Original analysis source (path-sanitized)	15358	89a0232c52648e0313bd0951186fad29cfbb6bb574a0a8fe3a596e03787e8202	SANITIZED_CANDIDATE_NOT_RELEASED
scripts/06_clinical/HCC_ICI_project/04_scripts/pretreatment_clinical_translation/01_gse104580_tace_falsification.R	R	Original analysis source (path-sanitized)	15394	9d93544ba88a45a5608c65d409bb04c58ebff0e7dd652b46666bdb397f144e17	SANITIZED_CANDIDATE_NOT_RELEASED
scripts/07_perturbation/AF35_FUNCTIONAL_ROLE_STATE_ARCHITECTURE_v1/scripts/04_recover_frozen_perturbation.py	py	Original analysis source (path-sanitized)	6475	575fb95de0c68e953a8d7c11f571754a4c51d86c50d2b933ec6b7cd266c20a59	SANITIZED_CANDIDATE_NOT_RELEASED
scripts/07_perturbation/PTPN22_AF35_PROGRAM_PERTURBATION_PROJECTION_v1/scripts/04_projection.py	py	Original analysis source (path-sanitized)	7799	9db80882673b5b1744a476da21e11e1963e6c6636db317d908d46e56af707a59	SANITIZED_CANDIDATE_NOT_RELEASED
scripts/07_perturbation/PTPN22_AF35_PROGRAM_PERTURBATION_PROJECTION_v1/scripts/common.py	py	Original analysis source (path-sanitized)	1102	04c7e069d70f3d69e6a2086434fe4d62bb02bd5d02a57cb73fa3acca33b11fd8	SANITIZED_CANDIDATE_NOT_RELEASED
scripts/07_perturbation/PTPN22_HUMAN_GENETIC_ACTIVATION_Phase0_v1/scripts/02_build_phase0_audits.py	py	Original analysis source (path-sanitized)	17265	3bf3029282ba118f82c411d2455eb333228446d511c70d6b7c87e9508e08c700	SANITIZED_CANDIDATE_NOT_RELEASED
scripts/07_perturbation/PTPN22_HUMAN_GENETIC_ACTIVATION_Phase1_v1/scripts/02_execute_fixed_analysis.py	py	Original analysis source (path-sanitized)	17748	7240ac762bf1ba4b607b9d84ff43e1866c541de721ac634825431155ccebd604	SANITIZED_CANDIDATE_NOT_RELEASED
scripts/07_perturbation/PTPN22_HUMAN_GENETIC_ACTIVATION_Phase1_v1/scripts/03_independent_numeric_qa.py	py	Original analysis source (path-sanitized)	4201	640e46d5f1644e34abdf0a094a5232af559754a6984c8f4ef70e2d04e4510d48	SANITIZED_CANDIDATE_NOT_RELEASED
scripts/utilities/inspect_prerequisites.py	py	Original analysis source (path-sanitized)	545	97a01803a111b99eff03cbe23b222b544c68445d9c1218eb52200a7039ecccd8	SANITIZED_CANDIDATE_NOT_RELEASED
scripts/utilities/materialize_workspace.py	py	Original analysis source (path-sanitized)	991	955d3c0c48ae8027f30b7f8f654774bd0aba860d68f835a72cfeb2e02db2fe44	SANITIZED_CANDIDATE_NOT_RELEASED
scripts/utilities/verify_release.py	py	Original analysis source (path-sanitized)	2136	642c824ed72aca60e65cd615b4f82a3ade79f6e9977576262ed935eac9f40ea8	SANITIZED_CANDIDATE_NOT_RELEASED
supplement/source_tables/README.md	md	Metadata, documentation, definition or audit	342	1e84d4b30dd68de6477b687edb383c1ff297465fe02a08aae4212f6f1e8762a4	SANITIZED_CANDIDATE_NOT_RELEASED
THIRD_PARTY_CONTENT_AUDIT.tsv	tsv	Metadata, documentation, definition or audit	30187	6a7fba2e57f1a23102d90af33d88f0cd5dc8072031f795830c4876beaa68a019	SANITIZED_CANDIDATE_NOT_RELEASED
ZENODO_METADATA_DRAFT.md	md	Metadata, documentation, definition or audit	1399	c0114716f8f7b44999d748eded440ec42c1f033a6b2b5fdb1d3df8d32a955f5a	SANITIZED_CANDIDATE_NOT_RELEASED
