file	language	parse	nonstring_ast_identical
scripts/current/04_clonotype/sources/AF35_LONGITUDINAL_CLONAL_STATE_DYNAMICS_M2_CLEANROOM_v1/scripts/07_phaseB_verify.R	R	PASS	TRUE
scripts/current/06_clinical/sources/AF35_MATCHED_RANDOM_CLINICAL_NULL_v1/03_score_and_join.R	R	PASS	TRUE
scripts/current/06_clinical/sources/CLINICAL_ANCHOR_READOUT_DECOMPOSITION_v1/scripts/03_paired_and_firth.R	R	PASS	TRUE
scripts/current/05_spatial/sources/HCC_FINAL_AI_REVIEW_CORRECTION_20260921_V1/audit/wu_bounded_sensitivity.R	R	PASS	TRUE
scripts/current/05_spatial/sources/HCC_ICI_BIOLOGICAL_RESOLUTION_BR1_v1/scripts/module_d_prepare_spatial_tables.R	R	PASS	TRUE
scripts/current/01_anchor/sources/HCC_ICI_project/04_scripts/04_target_ranking/01_finalize_target_evidence.R	R	PASS	TRUE
scripts/current/02_state/sources/HCC_ICI_project/04_scripts/config.R	R	PASS	TRUE
scripts/current/04_clonotype/sources/HCC_ICI_project/04_scripts/final_harmonization/01_meta_clone_compartment.R	R	PASS	TRUE
scripts/current/06_clinical/sources/HCC_ICI_project/04_scripts/phase15b_public_replication/01_prepare_response_blind_inputs.R	R	PASS	TRUE
scripts/current/06_clinical/sources/HCC_ICI_project/04_scripts/phase15b_public_replication/02_lock_outcome_maps.R	R	PASS	TRUE
scripts/current/06_clinical/sources/HCC_ICI_project/04_scripts/phase15b_public_replication/03_analyze_public_replication.R	R	PASS	TRUE
scripts/current/06_clinical/sources/HCC_ICI_project/04_scripts/phase15c_public_benchmark/01_run_phase15c_benchmark.R	R	PASS	TRUE
scripts/current/06_clinical/sources/HCC_ICI_project/04_scripts/phase19/03_phase19b_response_blind_scoring.R	R	PASS	TRUE
scripts/current/06_clinical/sources/HCC_ICI_project/04_scripts/phase19/05_phase19b_outcome_analysis.R	R	PASS	TRUE
scripts/current/02_state/sources/HCC_ICI_project/04_scripts/phase2/07_functional_program_GSE206325.R	R	PASS	TRUE
scripts/current/04_clonotype/sources/HCC_ICI_project/04_scripts/phase3/03_independent_scrna_sctcr_clone_state.R	R	PASS	TRUE
scripts/current/04_clonotype/sources/HCC_ICI_project/04_scripts/phase_temporal/01_gse235863_baseline_future_clone_fate.R	R	PASS	TRUE
scripts/current/06_clinical/sources/HCC_ICI_project/04_scripts/pretreatment_clinical_translation/01_gse104580_tace_falsification.R	R	PASS	TRUE
scripts/current/05_spatial/sources/HCC_ICI_project/04_scripts/spatial_specificity_rescue/01_spatial_specificity_rescue.R	R	PASS	TRUE
